date,BOND
1871-02-28,0.004176935709778773
1871-03-31,0.004179752341140234
1871-04-30,0.004182568964225316
1871-05-31,0.004185385579035684
1871-06-30,0.004188202185573669
1871-07-31,0.004191018783841158
1871-08-31,0.004193835373840262
1871-09-30,0.004196651955573089
1871-10-31,0.004199468529041416
1871-11-30,0.004202285094247463
1871-12-31,0.004205101651193117
1872-01-31,0.0042079181998806
1872-02-29,0.003059999885748502
1872-03-31,0.0030764483003816205
1872-04-30,0.003092895345097782
1872-05-31,0.003109341021749616
1872-06-30,0.003125785332186418
1872-07-31,0.003142228278255046
1872-08-31,0.0031586698618000257
1872-09-30,0.0031751100846625488
1872-10-31,0.0031915489486818126
1872-11-30,0.003207986455693458
1872-12-31,0.0032244226075313536
1873-01-31,0.0032408574060258117
1873-02-28,0.005347221578750629
1873-03-31,0.005339872029567713
1873-04-30,0.0053325226495525855
1873-05-31,0.005325173438819826
1873-06-30,0.005317824397483785
1873-07-31,0.005310475525659038
1873-08-31,0.00530312682346016
1873-09-30,0.0052957782910019475
1873-10-31,0.0052884299283991985
1873-11-30,0.00528108173576671
1873-12-31,0.005273733713219277
1874-01-31,0.005266385860872366
1874-02-28,0.007109145660311736
1874-03-31,0.00708522973315547
1874-04-30,0.007061322035862215
1874-05-31,0.0070374225887070915
1874-06-30,0.007013531412017835
1874-07-31,0.00698964852617703
1874-08-31,0.006965773951622106
1874-09-30,0.006941907708844896
1874-10-31,0.006918049818392295
1874-11-30,0.006894200300866046
1874-12-31,0.006870359176922737
1875-01-31,0.006846526467274689
1875-02-28,0.007343192688840616
1875-03-31,0.0073155682359350065
1875-04-30,0.007287958445341872
1875-05-31,0.007260363360530441
1875-06-30,0.007232783025109608
1875-07-31,0.007205217482827933
1875-08-31,0.007177666777575863
1875-09-30,0.007150130953384177
1875-10-31,0.007122610054425985
1875-11-30,0.0070951041250158385
1875-12-31,0.007067613209611507
1876-01-31,0.007040137352814205
1876-02-29,0.004753525293830474
1876-03-31,0.004744302568157261
1876-04-30,0.004735080217876213
1876-05-31,0.004725858243312621
1876-06-30,0.00471663664479156
1876-07-31,0.004707415422638767
1876-08-31,0.004698194577180207
1876-09-30,0.004688974108742507
1876-10-31,0.004679754017652292
1876-11-30,0.0046705343042359685
1876-12-31,0.004661314968821054
1877-01-31,0.004652096011735286
1877-02-28,0.004442533161084138
1877-03-31,0.0044352053538858766
1877-04-30,0.004427877730608496
1877-05-31,0.004420550291377449
1877-06-30,0.0044132230363175245
1877-07-31,0.004405895965554622
1877-08-31,0.004398569079213974
1877-09-30,0.004391242377421259
1877-10-31,0.004383915860302377
1877-11-30,0.004376589527982781
1877-12-31,0.004369263380588594
1878-01-31,0.004361937418245492
1878-02-28,0.004421728610269082
1878-03-31,0.004413768156374629
1878-04-30,0.00440580794324825
1878-05-31,0.004397847971069131
1878-06-30,0.004389888240016021
1878-07-31,0.004381928750268998
1878-08-31,0.00437396950200614
1878-09-30,0.004366010495408194
1878-10-31,0.004358051730654568
1878-11-30,0.004350093207924901
1878-12-31,0.004342134927399044
1879-01-31,0.004334176889257524
1879-02-28,0.004866338200608276
1879-03-31,0.004853493821274903
1879-04-30,0.004840650567711671
1879-05-31,0.004827808441316134
1879-06-30,0.004814967443485392
1879-07-31,0.004802127575620107
1879-08-31,0.00478928883912182
1879-09-30,0.004776451235394521
1879-10-31,0.004763614765844198
1879-11-30,0.004750779431877945
1879-12-31,0.004737945234905748
1880-01-31,0.004725112176338919
1880-02-29,0.005530663979801655
1880-03-31,0.005511153155437669
1880-04-30,0.005491647018348027
1880-05-31,0.005472145577851056
1880-06-30,0.005452648843285064
1880-07-31,0.005433156824009008
1880-08-31,0.005413669529401165
1880-09-30,0.005394186968860459
1880-10-31,0.005374709151806024
1880-11-30,0.005355236087677198
1880-12-31,0.005335767785933747
1881-01-31,0.005316304256055643
1881-02-28,0.003636193113409243
1881-03-31,0.0036308102375502294
1881-04-30,0.0036254274364745064
1881-05-31,0.003620044710219155
1881-06-30,0.003614662058821702
1881-07-31,0.0036092794823185614
1881-08-31,0.0036038969807477036
1881-09-30,0.00359851455414621
1881-10-31,0.003593132202551606
1881-11-30,0.003587749926000751
1881-12-31,0.0035823677245311702
1882-01-31,0.0035769855981803897
1882-02-28,0.0029473239550168446
1882-03-31,0.002948021109659577
1882-04-30,0.0029487182641553156
1882-05-31,0.0029494154185045053
1882-06-30,0.002950112572706923
1882-07-31,0.0029508097267625694
1882-08-31,0.0029515068806714446
1882-09-30,0.0029522040344335484
1882-10-31,0.0029529011880491027
1882-11-30,0.002953598341517885
1882-12-31,0.002954295494839785
1883-01-31,0.002954992648015136
1883-02-28,0.003094315616271215
1883-03-31,0.0030936238807043374
1883-04-30,0.003092932145284231
1883-05-31,0.0030922404100108963
1883-06-30,0.0030915486748841112
1883-07-31,0.003090856939904097
1883-08-31,0.0030901652050708546
1883-09-30,0.0030894734703843835
1883-10-31,0.0030887817358444623
1883-11-30,0.0030880900014515346
1883-12-31,0.003087398267205378
1884-01-31,0.003086706533105993
1884-02-29,0.0037103920018628496
1884-03-31,0.003703718819546942
1884-04-30,0.003697045784203469
1884-05-31,0.003690372895922802
1884-06-30,0.0036837001547975353
1884-07-31,0.0036770275609184825
1884-08-31,0.0036703551143773493
1884-09-30,0.0036636828152660627
1884-10-31,0.0036570106636763266
1884-11-30,0.003650338659699846
1884-12-31,0.0036436668034287682
1885-01-31,0.003636995094954354
1885-02-28,0.003979023381012737
1885-03-31,0.003969221285852422
1885-04-30,0.0039594196907507696
1885-05-31,0.0039496185961747365
1885-06-30,0.003939818002591728
1885-07-31,0.003930017910470261
1885-08-31,0.003920218320278179
1885-09-30,0.003910419232485109
1885-10-31,0.003900620647559786
1885-11-30,0.0038908225659725006
1885-12-31,0.0038810249881939887
1886-01-31,0.0038712279146945385
1886-02-28,0.0017564750118060119
1886-03-31,0.0017675107673606107
1886-04-30,0.0017785460191068816
1886-05-31,0.0017895807675150023
1886-06-30,0.0018006150130550434
1886-07-31,0.0018116487561964062
1886-08-31,0.0018226819974080486
1886-09-30,0.0018337147371585965
1886-10-31,0.0018447469759157857
1886-11-30,0.0018557787141473552
1886-12-31,0.0018668099523205962
1887-01-31,0.0018778406909016909
1887-02-28,0.0018888709303570461
1887-03-31,0.0018999006711521763
1887-04-30,0.0019109299137523776
1887-05-31,0.0019219586586224986
1887-06-30,0.001932986906226392
1887-07-31,0.0019440146570283523
1887-08-31,0.001955041911491231
1887-09-30,0.0019660686700781033
1887-10-31,0.0019770949332515993
1887-11-30,0.0019881207014731256
1887-12-31,0.0019991459752046487
1888-01-31,0.0020101707549066866
1888-02-29,0.004581669037213746
1888-03-31,0.0045677011853907865
1888-04-30,0.004553734895025457
1888-05-31,0.004539770168255379
1888-06-30,0.0045258070072210655
1888-07-31,0.004511845414067022
1888-08-31,0.004497885390940643
1888-09-30,0.004483926939992205
1888-10-31,0.004469970063375545
1888-11-30,0.004456014763247156
1888-12-31,0.004442061041767758
1889-01-31,0.004428108901099842
1889-02-28,0.003084728911084284
1889-03-31,0.0030826702487606306
1889-04-30,0.003080611590452431
1889-05-31,0.0030785529361603524
1889-06-30,0.0030764942858855057
1889-07-31,0.003074435639627889
1889-08-31,0.0030723769973890584
1889-09-30,0.0030703183591692346
1889-10-31,0.0030682597249693058
1889-11-30,0.0030662010947901616
1889-12-31,0.003064142468632467
1890-01-31,0.0030620838464971104
1890-02-28,0.0014510943480163605
1890-03-31,0.0014660798155120562
1890-04-30,0.0014810640939892025
1890-05-31,0.0014960471849267258
1890-06-30,0.0015110290898022235
1890-07-31,0.0015260098100912923
1890-08-31,0.0015409893472668641
1890-09-30,0.001555967702801208
1890-10-31,0.0015709448781632573
1890-11-30,0.0015859208748206176
1890-12-31,0.001600895694239228
1891-01-31,0.0016158693378820269
1891-02-28,0.0031553683529168537
1891-03-31,0.003153990307463225
1891-04-30,0.0031526122631842135
1891-05-31,0.0031512342200798165
1891-06-30,0.0031498561781502584
1891-07-31,0.0031484781373959827
1891-08-31,0.0031471000978167667
1891-09-30,0.003145722059412833
1891-10-31,0.0031443440221844026
1891-11-30,0.0031429659861316995
1891-12-31,0.003141587951254722
1892-01-31,0.003140209917553471
1892-02-29,0.0019594526744052244
1892-03-31,0.0019704792347714343
1892-04-30,0.0019815052999086753
1892-05-31,0.0019925308702788
1892-06-30,0.002003555946343218
1892-07-31,0.00201458052856256
1892-08-31,0.0020256046173972348
1892-09-30,0.002036628213307209
1892-10-31,0.002047651316751782
1892-11-30,0.002058673928189807
1892-12-31,0.0020696960480800306
1893-01-31,0.0020807176768803076
1893-02-28,0.0034696890853200377
1893-03-31,0.0034662840811107497
1893-04-30,0.0034628790950844714
1893-05-31,0.0034594741272465333
1893-06-30,0.0034560691776027077
1893-07-31,0.003452664246158768
1893-08-31,0.003449259332920488
1893-09-30,0.003445854437893196
1893-10-31,0.0034424495610826653
1893-11-30,0.00343904470249467
1893-12-31,0.0034356398621347597
1894-01-31,0.003432235040008708
1894-02-28,0.004742948976090407
1894-03-31,0.004727838446955906
1894-04-30,0.004712729940987929
1894-05-31,0.00469762346120828
1894-06-30,0.0046825190106427605
1894-07-31,0.004667416592323391
1894-08-31,0.004652316209285296
1894-09-30,0.004637217864570269
1894-10-31,0.004622121561223871
1894-11-30,0.004607027302297218
1894-12-31,0.004591935090845644
1895-01-31,0.004576844929930476
1895-02-28,0.0019057103862152158
1895-03-31,0.001915968796503385
1895-04-30,0.0019262267998709465
1895-05-31,0.0019364843966725043
1895-06-30,0.0019467415872619982
1895-07-31,0.0019569983719931448
1895-08-31,0.0019672547512195513
1895-09-30,0.001977510725294157
1895-10-31,0.0019877662945696783
1895-11-30,0.0019980214593986125
1895-12-31,0.0020082762201332344
1896-01-31,0.0020185305771250384
1896-02-29,0.004389296452507073
1896-03-31,0.004376494907010397
1896-04-30,0.00436369454051151
1896-05-31,0.004350895354478572
1896-06-30,0.0043380973503815146
1896-07-31,0.004325300529692053
1896-08-31,0.004312504893884116
1896-09-30,0.0042997104444336375
1896-10-31,0.004286917182818099
1896-11-30,0.004274125110517651
1896-12-31,0.004261334229014221
1897-01-31,0.004248544539791286
1897-02-28,0.003183732659321682
1897-03-31,0.0031803292023540614
1897-04-30,0.003176925764050622
1897-05-31,0.003173522344417137
1897-06-30,0.00317011894345938
1897-07-31,0.0031667155611835676
1897-08-31,0.00316331219759503
1897-09-30,0.0031599088526999826
1897-10-31,0.0031565055265037555
1897-11-30,0.0031531022190127884
1897-12-31,0.0031496989302326316
1898-01-31,0.0031462956601686146
1898-02-28,0.004549175731794948
1898-03-31,0.004533542173365412
1898-04-30,0.004517910962542206
1898-05-31,0.004502282102985738
1898-06-30,0.0044866555983615174
1898-07-31,0.00447103145234261
1898-08-31,0.004455409668607182
1898-09-30,0.004439790250840285
1898-10-31,0.004424173202732747
1898-11-30,0.004408558527981386
1898-12-31,0.004392946230290575
1899-01-31,0.004377336313369566
1899-02-28,0.0022280750454439294
1899-03-31,0.0022316173344918266
1899-04-30,0.0022351596044756397
1899-05-31,0.002238701855401365
1899-06-30,0.0022422440872752187
1899-07-31,0.002245786300102752
1899-08-31,0.0022493284938901827
1899-09-30,0.002252870668643284
1899-10-31,0.002256412824368051
1899-11-30,0.002259954961070256
1899-12-31,0.0022634970787563397
1900-01-31,0.002267039177431519
1900-02-28,0.002979558476799216
1900-03-31,0.002976156150040633
1900-04-30,0.002972753842298616
1900-05-31,0.002969351553578938
1900-06-30,0.002965949283887595
1900-07-31,0.0029625470332305813
1900-08-31,0.0029591448016136703
1900-09-30,0.002955742589042858
1900-10-31,0.0029523403955243606
1900-11-30,0.0029489382210637293
1900-12-31,0.0029455360656671817
1901-01-31,0.0029421339293404913
1901-02-28,0.0020149873405235844
1901-03-31,0.002020722223229825
1901-04-30,0.002026457027878837
1901-05-31,0.0020321917545102577
1901-06-30,0.0020379264031624993
1901-07-31,0.0020436609738747526
1901-08-31,0.002049395466685766
1901-09-30,0.0020551298816345064
1901-10-31,0.002060864218759499
1901-11-30,0.002066598478100158
1901-12-31,0.0020723326596945625
1902-01-31,0.0020780667635821267
1902-02-28,0.0018008349940292355
1902-03-31,0.0018095695807507518
1902-04-30,0.0018183039057334143
1902-05-31,0.0018270379691731789
1902-06-30,0.0018357717712655553
1902-07-31,0.0018445053122061652
1902-08-31,0.0018532385921897405
1902-09-30,0.0018619716114121262
1902-10-31,0.0018707043700678318
1902-11-30,0.001879436868351814
1902-12-31,0.0018881691064588052
1903-01-31,0.0018969010845830934
1903-02-28,0.002046305352876058
1903-03-31,0.002053526318352796
1903-04-30,0.0020607471336762002
1903-05-31,0.0020679677989400846
1903-06-30,0.002075188314237596
1903-07-31,0.002082408679662549
1903-08-31,0.0020896288953077564
1903-09-30,0.002096848961266924
1903-10-31,0.002104068877632975
1903-11-30,0.002111288644499058
1903-12-31,0.0021185082619585437
1904-01-31,0.0021257277301043563
1904-02-29,0.0022729803355197933
1904-03-31,0.0022787117439262965
1904-04-30,0.0022844430760080754
1904-05-31,0.0022901743318026555
1904-06-30,0.0022959055113484506
1904-07-31,0.002301636614683208
1904-08-31,0.002307367641844898
1904-09-30,0.0023130985928714893
1904-10-31,0.002318829467800952
1904-11-30,0.002324560266671034
1904-12-31,0.0023302909895197045
1905-01-31,0.002336021636384711
1905-02-28,0.003249082644516052
1905-03-31,0.003245678830319962
1905-04-30,0.00324227503467681
1905-05-31,0.003238871257592367
1905-06-30,0.0032354674990724076
1905-07-31,0.0032320637591229276
1905-08-31,0.0032286600377494762
1905-09-30,0.00322525633495805
1905-10-31,0.0032218526507541995
1905-11-30,0.0032184489851436984
1905-12-31,0.003215045338132542
1906-01-31,0.0032116417097265023
1906-02-28,0.0011806993806183041
1906-03-31,0.0011989435794536435
1906-04-30,0.0012171857262208013
1906-05-31,0.0012354258239826595
1906-06-30,0.0012536638757977728
1906-07-31,0.0012718998847194764
1906-08-31,0.0012901338537957756
1906-09-30,0.0013083657860706813
1906-10-31,0.0013265956845823178
1906-11-30,0.0013448235523643697
1906-12-31,0.0013630493924460811
1907-01-31,0.001381273207850699
1907-02-28,0.001675752183902094
1907-03-31,0.0016907199705526693
1907-04-30,0.001705686590167998
1907-05-31,0.0017206520441980316
1907-06-30,0.001735616334090612
1907-07-31,0.001750579461291694
1907-08-31,0.0017655414272453444
1907-09-30,0.0017805022333935213
1907-10-31,0.0017954618811765167
1907-11-30,0.0018104203720324015
1907-12-31,0.001825377707397695
1908-01-31,0.0018403338887063598
1908-02-29,0.003979250249778821
1908-03-31,0.00397193433024497
1908-04-30,0.003964618602741065
1908-05-31,0.0039573030673983375
1908-06-30,0.003949987724348236
1908-07-31,0.0039426725737219896
1908-08-31,0.00393535761565127
1908-09-30,0.003928042850267528
1908-10-31,0.003920728277702656
1908-11-30,0.0039134138980885524
1908-12-31,0.0039060997115566657
1909-01-31,0.003898785718239557
1909-02-28,0.002100555372634217
1909-03-31,0.002111575628815476
1909-04-30,0.002122595395642843
1909-05-31,0.002133614673572622
1909-06-30,0.002144633463059558
1909-07-31,0.002155651764559067
1909-08-31,0.002166669578525451
1909-09-30,0.002177686905412346
1909-10-31,0.002188703745673836
1909-11-30,0.002199720099762556
1909-12-31,0.0022107359681311453
1910-01-31,0.0022217513512320206
1910-02-28,0.0027795864958252963
1910-03-31,0.0027845778673808385
1910-04-30,0.002789569189707537
1910-05-31,0.0027945604628267086
1910-06-30,0.0027995516867598924
1910-07-31,0.0028045428615281805
1910-08-31,0.002809533987153114
1910-09-30,0.002814525063656118
1910-10-31,0.002819516091058176
1910-11-30,0.0028245070693809385
1910-12-31,0.0028294979986456096
1911-01-31,0.0028344888788736176
1911-02-28,0.0031121262053728552
1911-03-31,0.003114233363561388
1911-04-30,0.003116340517892784
1911-05-31,0.003118447668368154
1911-06-30,0.0031205548149881635
1911-07-31,0.0031226619577531447
1911-08-31,0.0031247690966640985
1911-09-30,0.0031268762317218017
1911-10-31,0.003128983362926919
1911-11-30,0.0031310904902800067
1911-12-31,0.003133197613782064
1912-01-31,0.0031353047334335346
1912-02-29,0.0003506907546549712
1912-03-31,0.000386344417337094
1912-04-30,0.0004219860003025441
1912-05-31,0.0004576155364638852
1912-06-30,0.0004932330586357556
1912-07-31,0.0005288385995368739
1912-08-31,0.0005644321917888107
1912-09-30,0.0006000138679169921
1912-10-31,0.0006355836603513681
1912-11-30,0.0006711416014259608
1912-12-31,0.0007066877233795382
1913-01-31,0.0007422220583553885
1913-02-28,0.0056452933353176235
1913-03-31,0.005627319732204523
1913-04-30,0.005609349506741142
1913-05-31,0.005591382664994621
1913-06-30,0.005573419213045876
1913-07-31,0.005555459156987144
1913-08-31,0.005537502502921322
1913-09-30,0.005519549256964851
1913-10-31,0.00550159942524505
1913-11-30,0.005483653013901232
1913-12-31,0.005465710029085587
1914-01-31,0.0054477704769614055
1914-02-28,0.0029258782902252187
1914-03-31,0.0029316012375705373
1914-04-30,0.0029373241127951017
1914-05-31,0.00294304691593455
1914-06-30,0.002948769647024632
1914-07-31,0.0029544923061012086
1914-08-31,0.0029602148931999164
1914-09-30,0.0029659374083562833
1914-10-31,0.002971659851605947
1914-11-30,0.002977382222985103
1914-12-31,0.002983104522528608
1915-01-31,0.0029888267502724366
1915-02-28,0.004814282437421935
1915-03-31,0.004802029369261083
1915-04-30,0.004789777264753832
1915-05-31,0.0047775261250352745
1915-06-30,0.004765275951242723
1915-07-31,0.004753026744513932
1915-08-31,0.00474077850598866
1915-09-30,0.004728531236807993
1915-10-31,0.004716284938114794
1915-11-30,0.00470403961105237
1915-12-31,0.004691795256766917
1916-01-31,0.0046795518764048485
1916-02-29,0.0021524623582814648
1916-03-31,0.0021658151397449094
1916-04-30,0.0021791670939834
1916-05-31,0.00219251822191953
1916-06-30,0.002205868524475007
1916-07-31,0.002219218002570762
1916-08-31,0.002232566657125948
1916-09-30,0.002245914489059274
1916-10-31,0.0022592614992877845
1916-11-30,0.0022726076887277474
1916-12-31,0.002285953058294318
1917-01-31,0.0022992976089013222
1917-02-28,0.0012364045421127123
1917-03-31,0.0012630192103366242
1917-04-30,0.0012896283886158172
1917-05-31,0.0013162320884976073
1917-06-30,0.0013428303215029997
1917-07-31,0.0013694230991273572
1917-08-31,0.0013960104328398382
1917-09-30,0.0014225923340828446
1917-10-31,0.0014491688142734666
1917-11-30,0.0014757398848020361
1917-12-31,0.0015023055570335749
1918-01-31,0.0015288658423071224
1918-02-28,0.004272899270424544
1918-03-31,0.004268163123942965
1918-04-30,0.004263427024414719
1918-05-31,0.004258690971859562
1918-06-30,0.00425395496629837
1918-07-31,0.004249219007751128
1918-08-31,0.004244483096238261
1918-09-30,0.004239747231779976
1918-10-31,0.004235011414396925
1918-11-30,0.004230275644109533
1918-12-31,0.0042255399209380085
1919-01-31,0.00422080424490278
1919-02-28,0.0006271734238761616
1919-03-31,0.0006654468310299025
1919-04-30,0.0007037060469856486
1919-05-31,0.000741951112914245
1919-06-30,0.0007801820698570845
1919-07-31,0.000818398958726106
1919-08-31,0.0008566018203052432
1919-09-30,0.0008947906952498624
1919-10-31,0.0009329656240878786
1919-11-30,0.0009711266472195315
1919-12-31,0.0010092738049188267
1920-01-31,0.0010474071373323159
1920-02-29,0.003360333897000034
1920-03-31,0.0033690246076828597
1920-04-30,0.0033777150892671665
1920-05-31,0.0033864053419223753
1920-06-30,0.0033950953658181283
1920-07-31,0.0034037851611231794
1920-08-31,0.0034124747280067256
1920-09-30,0.0034211640666379677
1920-10-31,0.0034298531771852128
1920-11-30,0.0034385420598176605
1920-12-31,0.003447230714703285
1921-01-31,0.003455919142010732
1921-02-28,0.009375060863884257
1921-03-31,0.009335682392723026
1921-04-30,0.009296369442242013
1921-05-31,0.009257122332535608
1921-06-30,0.009217941385394408
1921-07-31,0.009178826924316975
1921-08-31,0.009139779274515161
1921-09-30,0.009100798762927893
1921-10-31,0.009061885718229147
1921-11-30,0.009023040470836834
1921-12-31,0.008984263352923691
1922-01-31,0.00894555469842704
1922-02-28,0.0031803360364854373
1922-03-31,0.0031845960283758755
1922-04-30,0.0031888559901479614
1922-05-31,0.003193115921812685
1922-06-30,0.0031973758233815957
1922-07-31,0.003201635694865571
1922-08-31,0.0032058955362758244
1922-09-30,0.0032101553476235702
1922-10-31,0.003214415128920244
1922-11-30,0.003218674880176502
1922-12-31,0.003222934601403892
1923-01-31,0.0032271942926132943
1923-02-28,0.005645522318620878
1923-03-31,0.005627019858120511
1923-04-30,0.005608521162420173
1923-05-31,0.005590026238520928
1923-06-30,0.005571535093437831
1923-07-31,0.005553047734200817
1923-08-31,0.005534564167853804
1923-09-30,0.005516084401454036
1923-10-31,0.005497608442074524
1923-11-30,0.005479136296800932
1923-12-31,0.0054606679727342445
1924-01-31,0.005442203476989663
1924-02-29,0.004743078777165217
1924-03-31,0.004730245263066554
1924-04-30,0.004717412888221029
1924-05-31,0.004704581654042618
1924-06-30,0.004691751561948414
1924-07-31,0.004678922613355946
1924-08-31,0.004666094809685857
1924-09-30,0.004653268152359679
1924-10-31,0.004640442642801602
1924-11-30,0.0046276182824380434
1924-12-31,0.0046147950726960815
1925-01-31,0.0046019730150056865
1925-02-28,0.004451807401010942
1925-03-31,0.004440173263680285
1925-04-30,0.004428539969120812
1925-05-31,0.004416907518275327
1925-06-30,0.004405275912088185
1925-07-31,0.004393645151504186
1925-08-31,0.004382015237469462
1925-09-30,0.0043703861709314794
1925-10-31,0.004358757952838809
1925-11-30,0.004347130584140916
1925-12-31,0.004335504065788816
1926-01-31,0.004323878398734417
1926-02-28,0.005420912754481649
1926-03-31,0.005400431326401493
1926-04-30,0.005379955666291439
1926-05-31,0.0053594857863619415
1926-06-30,0.005339021698850989
1926-07-31,0.005318563416024548
1926-08-31,0.005298110950176561
1926-09-30,0.005277664313629171
1926-10-31,0.00525722351873361
1926-11-30,0.005236788577867977
1926-12-31,0.005216359503440345
1927-01-31,0.005195936307885436
1927-02-28,0.0028536005602388405
1927-03-31,0.002852908876278015
1927-04-30,0.0028522171924670707
1927-05-31,0.002851525508806006
1927-06-30,0.0028508338252950433
1927-07-31,0.002850142141933961
1927-08-31,0.002849450458722758
1927-09-30,0.002848758775661436
1927-10-31,0.002848067092750216
1927-11-30,0.002847375409989098
1927-12-31,0.002846683727377638
1928-01-31,0.0028459920449165027
1928-02-29,0.0008789768522124157
1928-03-31,0.0008997359696088663
1928-04-30,0.000920492144399159
1928-05-31,0.0009412453815270043
1928-06-30,0.0009619956859276777
1928-07-31,0.000982743062526794
1928-08-31,0.0010034875162417537
1928-09-30,0.001024229051980519
1928-10-31,0.0010449676746426165
1928-11-30,0.0010657033891181326
1928-12-31,0.0010864362002887193
1929-01-31,0.001107166113026701
1929-02-28,0.005154336235617117
1929-03-31,0.00513542313713819
1929-04-30,0.005116514435114685
1929-05-31,0.005097610138034923
1929-06-30,0.005078710254405212
1929-07-31,0.0050598147927496204
1929-08-31,0.005040923761610205
1929-09-30,0.0050220371695461185
1929-10-31,0.005003155025135835
1929-11-30,0.004984277336974253
1929-12-31,0.004965404113675374
1930-01-31,0.004946535363870292
1930-02-28,0.002389584127794022
1930-03-31,0.0023931255535406
1930-04-30,0.0023966669604922122
1930-05-31,0.0024002083486548537
1930-06-30,0.0024037497180342984
1930-07-31,0.002407291068636207
1930-08-31,0.002410832400467022
1930-09-30,0.002414373713531846
1930-10-31,0.00241791500783701
1930-11-30,0.0024214562833881764
1930-12-31,0.0024249975401914505
1931-01-31,0.0024285387782520492
1931-02-28,0.0003975293854487651
1931-03-31,0.00042432253324302264
1931-04-30,0.0004511098145998341
1931-05-31,0.00047789124192627354
1931-06-30,0.0005046668276013286
1931-07-31,0.0005314365839754523
1931-08-31,0.0005582005233711221
1931-09-30,0.000584958658082503
1931-10-31,0.0006117110003752272
1931-11-30,0.0006384575624876179
1931-12-31,0.0006651983566294626
1932-01-31,0.0006919333949830173
1932-02-29,0.005628940612864347
1932-03-31,0.005606953417852674
1932-04-30,0.005584973659083068
1932-05-31,0.005563001353688934
1932-06-30,0.005541036518844756
1932-07-31,0.00551907917176965
1932-08-31,0.005497129329724253
1932-09-30,0.005475187010013389
1932-10-31,0.00545325222998407
1932-11-30,0.005431325007027275
1932-12-31,0.005409405358576836
1933-01-31,0.005387493302110771
1933-02-28,0.0040962469810494045
1933-03-31,0.004084052487244584
1933-04-30,0.00407185902629712
1933-05-31,0.004059666599430474
1933-06-30,0.004047475207870337
1933-07-31,0.004035284852843504
1933-08-31,0.004023095535578548
1933-09-30,0.0040109072573051505
1933-10-31,0.003998720019255438
1933-11-30,0.003986533822662647
1933-12-31,0.00397434866876112
1934-01-31,0.0039621645587874284
1934-02-28,0.004946000204716869
1934-03-31,0.004926141136756205
1934-04-30,0.0049062875674284225
1934-05-31,0.0048864395080686785
1934-06-30,0.004866596970037882
1934-07-31,0.004846759964722929
1934-08-31,0.004826928503534465
1934-09-30,0.004807102597910678
1934-10-31,0.0047872822593135085
1934-11-30,0.00476746749923132
1934-12-31,0.0047476583291775724
1935-01-31,0.0047278547606919245
1935-02-28,0.0033352317261988516
1935-03-31,0.0033260709525895636
1935-04-30,0.0033169106083268344
1935-05-31,0.003307750693786141
1935-06-30,0.0032985912093436262
1935-07-31,0.0032894321553765455
1935-08-31,0.003280273532261485
1935-09-30,0.003271115340376143
1935-10-31,0.0032619575800975514
1935-11-30,0.0032528002518045183
1935-12-31,0.0032436433558754077
1936-01-31,0.0032344868926885836
1936-02-29,0.0019905526047750634
1936-03-31,0.001992661920389057
1936-04-30,0.0019947712317431253
1936-05-31,0.001996880538837489
1936-06-30,0.001998989841673593
1936-07-31,0.002001099140251658
1936-08-31,0.0020032084345729066
1936-09-30,0.002005317724638004
1936-10-31,0.0020074270104476163
1936-11-30,0.0020095362920027433
1936-12-31,0.0020116455693041614
1937-01-31,0.002013754842352315
1937-02-28,0.0031037291014482066
1937-03-31,0.003095811177983155
1937-04-30,0.003087893527066532
1937-05-31,0.003079976148902618
1937-06-30,0.0030720590436968047
1937-07-31,0.003064142211653817
1937-08-31,0.0030562256529788243
1937-09-30,0.0030483093678772178
1937-10-31,0.0030403933565546107
1937-11-30,0.003032477619216394
1937-12-31,0.0030245621560686256
1938-01-31,0.0030166469673171404
1938-02-28,0.0035927963643611746
1938-03-31,0.003580071278316825
1938-04-30,0.0035673474667678733
1938-05-31,0.003554624931311487
1938-06-30,0.0035419036735463865
1938-07-31,0.003529183695073958
1938-08-31,0.0035164649974973633
1938-09-30,0.003503747582422207
1938-10-31,0.003491031451456536
1938-11-30,0.003478316606209507
1938-12-31,0.0034656030482938314
1939-01-31,0.0034528907793233287
1939-02-28,0.0030715805683287855
1939-03-31,0.0030618269304659787
1939-04-30,0.003052073838083722
1939-05-31,0.003042321291694716
1939-06-30,0.0030325692918127707
1939-07-31,0.0030228178389521436
1939-08-31,0.003013066933627533
1939-09-30,0.0030033165763534153
1939-10-31,0.0029935667676464902
1939-11-30,0.0029838175080225664
1939-12-31,0.0029740687979981197
1940-01-31,0.002964320638090957
1940-02-29,0.003771555414466313
1940-03-31,0.00375551348402141
1940-04-30,0.003739474430489216
1940-05-31,0.0037234382585666385
1940-06-30,0.003707404972959471
1940-07-31,0.003691374578381052
1940-08-31,0.0036753470795531616
1940-09-30,0.0036593224812064605
1940-10-31,0.003643300788079157
1940-11-30,0.0036272820049183434
1940-12-31,0.00361126613647955
1941-01-31,0.003595253187526298
1941-02-28,-0.0021964569394343648
1941-03-31,-0.002153208472186638
1941-04-30,-0.002109981934214752
1941-05-31,-0.002066777255416225
1941-06-30,-0.002023594365931386
1941-07-31,-0.001980433196140256
1941-08-31,-0.0019372936766648894
1941-09-30,-0.001894175738364814
1941-10-31,-0.0018510793123377009
1941-11-30,-0.001808004329920476
1941-12-31,-0.0017649507226847644
1942-01-31,-0.0017219184224386706
1942-02-28,0.0019767381834872072
1942-03-31,0.0019774355515679845
1942-04-30,0.001978132919488668
1942-05-31,0.001978830287249257
1942-06-30,0.001979527654849863
1942-07-31,0.0019802250222902633
1942-08-31,0.0019809223895705702
1942-09-30,0.0019816197566911165
1942-10-31,0.0019823171236513456
1942-11-30,0.001983014490451703
1942-12-31,0.0019837118570921884
1943-01-31,0.0019844092235723567
1943-02-28,0.0019851065898926538
1943-03-31,0.0019858039560529672
1943-04-30,0.001986501322053409
1943-05-31,0.001987198687893756
1943-06-30,0.0019878960535742317
1943-07-31,0.001988593419094835
1943-08-31,0.001989290784455344
1943-09-30,0.0019899881496559806
1943-10-31,0.0019906855146967456
1943-11-30,0.0019913828795776385
1943-12-31,0.0019920802442985478
1944-01-31,0.0019927776088596964
1944-02-29,0.0028721608445136993
1944-03-31,0.002864875599419059
1944-04-30,0.0028575905674066374
1944-05-31,0.0028503057486234276
1944-06-30,0.002843021143216646
1944-07-31,0.0028357367513328403
1944-08-31,0.0028284525731194503
1944-09-30,0.0028211686087239126
1944-10-31,0.0028138848582932204
1944-11-30,0.0028066013219752556
1944-12-31,0.0027993179999176786
1945-01-31,0.002792034892267926
1945-02-28,0.0033004196151963884
1945-03-31,0.003288873984218421
1945-04-30,0.0032773292954765207
1945-05-31,0.0032657855500336144
1945-06-30,0.0032542427489550725
1945-07-31,0.003242700893306932
1945-08-31,0.003231159984156782
1945-09-30,0.0032196200225735466
1945-10-31,0.003208081009627035
1945-11-30,0.0031965429463888364
1945-12-31,0.0031850058339318683
1946-01-31,0.0031734696733301615
1946-02-28,0.0013797839040991312
1946-03-31,0.0013840576640277227
1946-04-30,0.0013883313886894144
1946-05-31,0.0013926050780969726
1946-06-30,0.0013968787322640537
1946-07-31,0.0014011523512036472
1946-08-31,0.0014054259349291869
1946-09-30,0.0014096994834539957
1946-10-31,0.0014139729967910623
1946-11-30,0.001418246474953599
1946-12-31,0.001422519917955262
1947-01-31,0.001426793325808929
1947-02-28,0.0004699429526016496
1947-03-31,0.0004842059257810316
1947-04-30,0.0004984677859259715
1947-05-31,0.000512728534361742
1947-06-30,0.0005269881724118406
1947-07-31,0.0005412467013974317
1947-08-31,0.0005555041226390153
1947-09-30,0.0005697604374542038
1947-10-31,0.0005840156471600558
1947-11-30,0.0005982697530714071
1947-12-31,0.0006125227565009854
1948-01-31,0.0006267746587607422
1948-02-29,0.002987182767804077
1948-03-31,0.002978650303833602
1948-04-30,0.0029701181927324163
1948-05-31,0.002961586434788512
1948-06-30,0.002953055030288992
1948-07-31,0.0029445239795222932
1948-08-31,0.0029359932827764073
1948-09-30,0.0029274629403399917
1948-10-31,0.002918932952502149
1948-11-30,0.002910403319551315
1948-12-31,0.0029018740417770354
1949-01-31,0.002893345119468857
1949-02-28,0.0018512093111102033
1949-03-31,0.0018519067081715767
1949-04-30,0.001852604105070968
1949-05-31,0.0018533015018084894
1949-06-30,0.0018539988983841402
1949-07-31,0.00185469629479792
1949-08-31,0.0018553936910498297
1949-09-30,0.0018560910871398687
1949-10-31,0.001856788483068037
1949-11-30,0.001857485878834335
1949-12-31,0.0018581832744388738
1950-01-31,0.0018588806698815413
1950-02-28,9.12209180443564e-05
1950-03-31,0.00011042256478526109
1950-04-30,0.0001296216912133187
1950-05-31,0.00014881830127359483
1950-06-30,0.0001680123989048288
1950-07-31,0.0001872039880388746
1950-08-31,0.00020639307260070456
1950-09-30,0.00022557965650885038
1950-10-31,0.0002447637436754045
1950-11-30,0.0002639453380059108
1950-12-31,0.0002831244433986941
1951-01-31,0.0003023010637460857
1951-02-28,0.001340335826903807
1951-03-31,0.0013483256412164164
1951-04-30,0.0013563152444647478
1951-05-31,0.0013643046367940196
1951-06-30,0.0013722938183493372
1951-07-31,0.0013802827892759185
1951-08-31,0.0013882715497184248
1951-09-30,0.001396260099821852
1951-10-31,0.0014042484397307508
1951-11-30,0.0014122365695900052
1951-12-31,0.0014202244895437218
1952-01-31,0.0014282121997365635
1952-02-29,0.001146505719137016
1952-03-31,0.0011575700288212307
1952-04-30,0.0011686338079796008
1952-05-31,0.0011796970571089495
1952-06-30,0.0011907597767067692
1952-07-31,0.001201821967268995
1952-08-31,0.0012128836292918973
1952-09-30,0.0012239447632705252
1952-10-31,0.0012350053697002595
1952-11-30,0.0012460654490749272
1952-12-31,0.0012571250018890224
1953-01-31,0.0012681840286354832
1953-02-28,0.004881208692136246
1953-03-31,0.004860409031344079
1953-04-30,-0.002729030088589967
1953-05-31,-0.016447489878006944
1953-06-30,-0.0025726402086072553
1953-07-31,0.018066088636276574
1953-08-31,0.0007239184253584525
1953-09-30,0.009355489270684518
1953-10-31,0.020678701404313146
1953-11-30,0.0004767054054858554
1953-12-31,0.010096873542324383
1954-01-31,0.01182002229719477
1954-02-28,0.0029454226504648296
1954-03-31,0.010888107915650263
1954-04-30,0.009065997468294448
1954-05-31,-0.005155486332520344
1954-06-30,0.0010924459392456743
1954-07-31,0.009070925747481137
1954-08-31,-0.00338374013889754
1954-09-30,0.00020155854515790375
1954-10-31,-0.0024188728882800254
1954-11-30,-0.0023666768017552285
1954-12-31,-0.0005645587735156831
1955-01-31,-0.006637256529789351
1955-02-28,-0.0013099074415991278
1955-03-31,-0.0004016085584377725
1955-04-30,-0.003836242601485716
1955-05-31,0.0014249973563801059
1955-06-30,0.0005683116212329732
1955-07-31,-0.008014326487853019
1955-08-31,-0.0035897477236973125
1955-09-30,0.002475
1955-10-31,0.010230612829460467
1955-11-30,0.0015386747064237015
1955-12-31,-0.003600932351441667
1956-01-31,0.00763216324392651
1956-02-29,0.007596918483009073
1956-03-31,-0.007934931650090477
1956-04-30,-0.016223796801790487
1956-05-31,0.012044005870912547
1956-06-30,0.008556205018853794
1956-07-31,-0.006876229271335523
1956-08-31,-0.015966899857937304
1956-09-30,-0.0014329287992131674
1956-10-31,0.006189361062112852
1956-11-30,-0.009775273720010661
1956-12-31,-0.0054248377363137045
1957-01-31,0.013891158711215098
1957-02-28,0.013001416519671667
1957-03-31,-0.0030994498160397386
1957-04-30,-0.003021772817960087
1957-05-31,-0.007095114063857003
1957-06-30,-0.013503211354783497
1957-07-31,-0.007495500457982291
1957-08-31,0.003275
1957-09-30,0.004095549353101496
1957-10-31,-0.0008265262023016986
1957-11-30,0.024014701147479698
1957-12-31,0.04636650080759675
1958-01-31,0.012913303743928423
1958-02-28,0.005994240583879989
1958-03-31,0.008545231626615026
1958-04-30,0.011100680921622915
1958-05-31,-0.0010403940173347582
1958-06-30,-0.0018569626597836992
1958-07-31,-0.017046566309400716
1958-08-31,-0.02573270369769524
1958-09-30,-0.015237523904413805
1958-10-31,-0.00016730893762338878
1958-11-30,0.008131544683725915
1958-12-31,-0.006757539041373651
1959-01-31,-0.00985107689285223
1959-02-28,0.008264121408081672
1959-03-31,0.0008463720204185143
1959-04-30,-0.00724326175650305
1959-05-31,-0.01187701758838362
1959-06-30,0.0011775987524087553
1959-07-31,-0.001198084417534152
1959-08-31,0.0012626276101041656
1959-09-30,-0.016112370009652138
1959-10-31,0.015864819626591795
1959-11-30,0.003775
1959-12-31,-0.008893754196341946
1960-01-31,0.0015362166752054688
1960-02-29,0.022313288179082392
1960-03-31,0.023134908202375872
1960-04-30,0.0011208804158602276
1960-05-31,-0.0020635516775287474
1960-06-30,0.019861215150373212
1960-07-31,0.023991218328833323
1960-08-31,0.011501605677391804
1960-09-30,0.0031666666666666666
1960-10-31,-0.004228622494661478
1960-11-30,-3.9000140917542364e-05
1960-12-31,0.010687575569906377
1961-01-31,0.0031999999999999997
1961-02-28,0.008155595591563444
1961-03-31,0.006459918678039647
1961-04-30,-0.0001870637277090366
1961-05-31,0.00895049828154694
1961-06-30,-0.010883734816432837
1961-07-31,-4.88640790723186e-05
1961-08-31,-0.006525019612899282
1961-09-30,0.008276209626823555
1961-10-31,0.0082399627852752
1961-11-30,0.0016270980695724233
1961-12-31,-0.006499243356216738
1962-01-31,0.0017544201863265835
1962-02-28,0.006663895426521835
1962-03-31,0.01238850038752341
1962-04-30,0.010687575569906377
1962-05-31,0.00073260099967167
1962-06-30,-5.8729009391000984e-05
1962-07-31,-0.004912810662658836
1962-08-31,0.00579643814674511
1962-09-30,0.003316666666666667
1962-10-31,0.007417500176146985
1962-11-30,0.004095549353101496
1962-12-31,0.008203769520686825
1963-01-31,0.005688679860693678
1963-02-28,-0.004193277511246022
1963-03-31,0.0024464999647705586
1963-04-30,4.457048253525553e-07
1963-05-31,0.006589000140917765
1963-06-30,-0.0016322559591627483
1963-07-31,0.0008747980825902558
1963-08-31,0.004984990146225367
1963-09-30,-0.0031823192546933323
1963-10-31,0.0009600364438389491
1963-11-30,0.0026120567879613812
1963-12-31,0.002620767850267814
1964-01-31,0.00019743863749132175
1964-02-29,0.005098621515037366
1964-03-31,-0.002205904891468776
1964-04-30,0.002707865072600955
1964-05-31,0.005954784622544507
1964-06-30,0.0059331710218814525
1964-07-31,0.001854391538117278
1964-08-31,0.0034916666666666672
1964-09-30,0.00268173845915198
1964-10-31,0.004310304230941305
1964-11-30,0.0067389096967413985
1964-12-31,0.0010262918409111792
1965-01-31,0.0026730291023919165
1965-02-28,0.0018725618126393916
1965-03-31,0.0035083333333333334
1965-04-30,0.004318261540848021
1965-05-31,0.0026904475729862512
1965-06-30,0.0035083333333333334
1965-07-31,0.004318261540848021
1965-08-31,-0.0005402586532727324
1965-09-30,0.00031544703993513674
1965-10-31,-0.0012509014378817521
1965-11-30,-0.004381061052969749
1965-12-31,-0.009795657035670514
1966-01-31,0.004644718349023337
1966-02-28,-0.013466196155554298
1966-03-31,0.0008838836415571696
1966-04-30,0.01353372619348631
1966-05-31,0.0015927472648042318
1966-06-30,0.0016210031287148211
1966-07-31,-0.012369663984487748
1966-08-31,-0.011273038724871048
1966-09-30,0.007446914235437786
1966-10-31,0.017581109187318065
1966-11-30,-0.007449023373672632
1966-12-31,0.029463526499817122
1967-01-31,0.02472459318729059
1967-02-28,-0.00015326651201455098
1967-03-31,0.011033914329699615
1967-04-30,-0.00019392169101786717
1967-05-31,-0.016610989613562856
1967-06-30,-0.009216712114426706
1967-07-31,-0.0066657551487610935
1967-08-31,-0.00494852507263052
1967-09-30,0.0028599810166614467
1967-10-31,-0.009330675967821292
1967-11-30,-0.01580410005712601
1967-12-31,0.00857255270605864
1968-01-31,0.017704218056656642
1968-02-29,0.0023253980989233003
1968-03-31,-0.00895330572532298
1968-04-30,0.012365629566320563
1968-05-31,-0.012559301610821565
1968-06-30,0.016224088821182352
1968-07-31,0.021553749583872985
1968-08-31,0.010709914672904558
1968-09-30,0.0014589299656874695
1968-10-31,-0.004573478796921436
1968-11-30,-0.004424126494540202
1968-12-31,-0.019835920621421175
1969-01-31,0.004280306324696058
1969-02-28,-0.006062252117675971
1969-03-31,-0.0029385231582575314
1969-04-30,0.014874784299405499
1969-05-31,-0.005889647836676048
1969-06-30,-0.012915320261849803
1969-07-31,-0.005361838734272435
1969-08-31,0.0077702509434129435
1969-09-30,-0.027727639078064633
1969-10-31,0.010229295987382637
1969-11-30,0.0030799074007843283
1969-12-31,-0.029420739489100522
1970-01-31,-0.0032756968919480855
1970-02-28,0.04532620308362622
1970-03-31,0.018126735232375957
1970-04-30,-0.01655498430520837
1970-05-31,-0.02950105119117923
1970-06-30,0.011406556234005664
1970-07-31,0.03310728424411763
1970-08-31,0.0013364030516227659
1970-09-30,0.016095409800195273
1970-10-31,0.010378148244413476
1970-11-30,0.04132119195278889
1970-12-31,0.03869077646345849
1971-01-31,0.016395803221401082
1971-02-28,0.014850680612615536
1971-03-31,0.03609493218967947
1971-04-30,-0.00502284243641785
1971-05-31,-0.03619685515452605
1971-06-30,-0.00415066754011242
1971-07-31,-0.009731521911996624
1971-08-31,0.01651268059880818
1971-09-30,0.03810330920287069
1971-10-31,0.02083268481494028
1971-11-30,0.013970883644328237
1971-12-31,-0.004138915132346732
1972-01-31,0.0034462480110160508
1972-02-29,-0.004705332428436912
1972-03-31,0.005810358946561569
1972-04-30,-0.0038181350274740207
1972-05-31,0.009608504515275798
1972-06-30,0.0065930534275818265
1972-07-31,0.005091666666666667
1972-08-31,-0.002298775425802751
1972-09-30,-0.019574486538323985
1972-10-31,0.010569702584493957
1972-11-30,0.0201347118183645
1972-12-31,-0.0006395439965659394
1973-01-31,-0.0020084589054586146
1973-02-28,-0.007667077103777859
1973-03-31,0.00047390085114767857
1973-04-30,0.008487901474698804
1973-05-31,-0.007371286720995184
1973-06-30,0.0021246957992083933
1973-07-31,-0.010568537342945526
1973-08-31,-0.0129894123739694
1973-09-30,0.028199941811877696
1973-10-31,0.02751494780541834
1973-11-30,0.009991149117713385
1973-12-31,0.004886517119261698
1974-01-31,-0.01223052190950285
1974-02-28,0.007969497237567267
1974-03-31,-0.01187531589239435
1974-04-30,-0.014925344845410585
1974-05-31,0.001388699677626194
1974-06-30,0.009104172361083105
1974-07-31,-0.012312573316271311
1974-08-31,-0.009175623562918348
1974-09-30,0.0066999999999999985
1974-10-31,0.016304763687050874
1974-11-30,0.021821391560752305
1974-12-31,0.02390579811941666
1975-01-31,0.0013050091128391098
1975-02-28,0.013966036271582015
1975-03-31,-0.017340243105662557
1975-04-30,-0.027375602302321733
1975-05-31,0.018440810698220712
1975-06-30,0.02046156704147691
1975-07-31,-0.007076443958691059
1975-08-31,-0.016111640028012058
1975-09-30,0.004988328663874991
1975-10-31,0.02671523495947342
1975-11-30,0.012917882662495574
1975-12-31,0.010123789893027774
1976-01-31,0.024628357998788555
1976-02-29,0.0030033225385900806
1976-03-31,0.010638474273548242
1976-04-30,0.018278236398912674
1976-05-31,-0.017025854668552748
1976-06-30,0.009332313408295382
1976-07-31,0.008614419458629896
1976-08-31,0.010664606685102936
1976-09-30,0.018991458518101457
1976-10-31,0.018940201004066102
1976-11-30,0.014629433239108106
1976-12-31,0.03621746505864859
1977-01-31,-0.01831342961365632
1977-02-28,-0.006617907838346431
1977-03-31,0.0012631318497677404
1977-04-30,0.012535314251146974
1977-05-31,-0.00015216381220333267
1977-06-30,0.01890387650711713
1977-07-31,0.002550154240766436
1977-08-31,0.0012002758042794562
1977-09-30,0.010384634046547228
1977-10-31,-0.006438059722453919
1977-11-30,0.0020926949617746894
1977-12-31,-0.0012990486153850707
1978-01-31,-0.012067075314960221
1978-02-28,0.0018578918241261662
1978-03-31,0.006009755497264472
1978-04-30,-0.0007654895352577204
1978-05-31,-0.006665609571068183
1978-06-30,-0.00040831212757204156
1978-07-31,-0.004912009602248579
1978-08-31,0.02263605246304658
1978-09-30,0.00633748850853771
1978-10-31,-0.00760356729163703
1978-11-30,-0.004015832190378471
1978-12-31,-0.005741740710943489
1979-01-31,0.0016432159641682704
1979-02-28,0.007583333333333333
1979-03-31,0.0062810771389346124
1979-04-30,0.0037031360281712423
1979-05-31,0.0031170862518528726
1979-06-30,0.03004476933439872
1979-07-31,0.004801646039639825
1979-08-31,0.0022294077638915664
1979-09-30,-0.011836307699337304
1979-10-31,-0.05234076235076455
1979-11-30,-0.012797061802820196
1979-12-31,0.0249286541450782
1980-01-31,-0.016233554254711503
1980-02-29,-0.08259847435601764
1980-03-31,-0.008743514661181421
1980-04-30,0.08624488591815449
1980-05-31,0.08990455747216042
1980-06-30,0.033815310457588836
1980-07-31,-0.021038616788070834
1980-08-31,-0.042434687692704864
1980-09-30,-0.014932847703153377
1980-10-31,-0.004427801209770375
1980-11-30,-0.042556384140056004
1980-12-31,0.0016172099037946013
1981-01-31,0.02596408182059269
1981-02-28,-0.023731032062140237
1981-03-31,0.014864233307945106
1981-04-30,-0.01937875745252251
1981-05-31,-0.010968704625190583
1981-06-30,0.04613021060164087
1981-07-31,-0.03161789898127325
1981-08-31,-0.022143736827675252
1981-09-30,-0.00687258992200364
1981-10-31,0.021466355316586215
1981-11-30,0.10897087617885026
1981-12-31,-0.0066765043225794265
1982-01-31,-0.03404194356422892
1982-02-28,0.02057274724570319
1982-03-31,0.042664381863975635
1982-04-30,0.011012674403183592
1982-05-31,0.025122022842248397
1982-06-30,-0.024589358725634475
1982-07-31,0.03066513765194854
1982-08-31,0.060977828190454275
1982-09-30,0.05196074669856785
1982-10-31,0.09671128692319378
1982-11-30,0.03117359411545334
1982-12-31,0.009405306223723512
1983-01-31,0.013708665683810762
1983-02-28,-0.007120312032626679
1983-03-31,0.021835702383954478
1983-04-30,0.015547459035363385
1983-05-31,0.009902073430176751
1983-06-30,-0.01982621891758856
1983-07-31,-0.02238399752497006
1983-08-31,-0.017861329702139668
1983-09-30,0.021605033852832113
1983-10-31,0.016188553785975515
1983-11-30,0.0008333098386938444
1983-12-31,0.0015899027226098546
1984-01-31,0.019234799329771488
1984-02-29,-0.00016959546561111198
1984-03-31,-0.017540070938923312
1984-04-30,-0.007217202670454427
1984-05-31,-0.03214049076320603
1984-06-30,0.003017816123175596
1984-07-31,0.022261202186388516
1984-08-31,0.04710093781955183
1984-09-30,0.021929143136015627
1984-10-31,0.03111986034177598
1984-11-30,0.04484879348230831
1984-12-31,0.013772114949892285
1985-01-31,0.016698578055967916
1985-02-28,0.0018156011347725733
1985-03-31,-0.010763206138119983
1985-04-30,0.03532804393220688
1985-05-31,0.04466586589830079
1985-06-30,0.052053226755870485
1985-07-31,-0.000825739438882046
1985-08-31,0.007353703800485282
1985-09-30,0.00613649860546584
1985-10-31,0.016718459059640985
1985-11-30,0.03766510702622711
1985-12-31,0.041808858877815054
1986-01-31,0.01226108620906537
1986-02-28,0.040138266147971904
1986-03-31,0.07069640864239715
1986-04-30,0.040286248958892594
1986-05-31,-0.022277834537106186
1986-06-30,0.0002236733487426118
1986-07-31,0.04171137044329081
1986-08-31,0.01529065571954014
1986-09-30,-0.013614363231378386
1986-10-31,0.007608797182886613
1986-11-30,0.01889557737416088
1986-12-31,0.01598342822069404
1987-01-31,0.008058190795441386
1987-02-28,-0.006098137890411265
1987-03-31,0.0060416666666666665
1987-04-30,-0.04651090060943536
1987-05-31,-0.032575774900824014
1987-06-30,0.021274836487889928
1987-07-31,0.003650088896385622
1987-08-31,-0.013454347344779852
1987-09-30,-0.03513369232531413
1987-10-31,0.001447630632700125
1987-11-30,0.051384582438695134
1987-12-31,-0.0011281010887386955
1988-01-31,0.02873023123252704
1988-02-29,0.03836369556216931
1988-03-31,-0.003914910368096626
1988-04-30,-0.016205163928143928
1988-05-31,-0.0168556967274299
1988-06-30,0.01873847270166873
1988-07-31,-0.001705656190187435
1988-08-31,-0.005395714953005893
1988-09-30,0.026056769125040253
1988-10-31,0.01936397897859781
1988-11-30,-0.003155627334854385
1988-12-31,-0.0023043905981763963
1989-01-31,0.008895578201482793
1989-02-28,0.0023769837262064284
1989-03-31,-0.004604999206679551
1989-04-30,0.019490591915485935
1989-05-31,0.02871727229350902
1989-06-30,0.046527044792438
1989-07-31,0.02464502271660583
1989-08-31,0.0005646566168747286
1989-09-30,0.001338239947119923
1989-10-31,0.019115328018394804
1989-11-30,0.016292259725205108
1989-12-31,0.008621857433621538
1990-01-31,-0.01851300874928125
1990-02-28,-0.010562942394078036
1990-03-31,-0.0009334007829183135
1990-04-30,-0.006048008207473465
1990-05-31,0.00930848522691427
1990-06-30,0.026035394084021807
1990-07-31,0.007736074707464514
1990-08-31,-0.011462088727789699
1990-09-30,-0.001913512347329757
1990-10-31,0.018667270098431926
1990-11-30,0.02943306475513099
1990-12-31,0.02809441937241102
1991-01-31,0.006052893220838871
1991-02-28,0.023242701063630043
1991-03-31,-0.011134510514213769
1991-04-30,0.011531711519149244
1991-05-31,0.0046569160399428525
1991-06-30,-0.0074477231145032375
1991-07-31,0.007575181976756534
1991-08-31,0.03227568498244474
1991-09-30,0.023921931122108334
1991-10-31,0.01474116619721786
1991-11-30,0.013980919283388151
1991-12-31,0.029638110100815754
1992-01-31,0.010184116244224814
1992-02-29,-0.015934498129382378
1992-03-31,-0.007820861805414962
1992-04-30,0.010475556345191175
1992-05-31,0.012546453919173327
1992-06-30,0.0153293568561222
1992-07-31,0.03623245024524768
1992-08-31,0.023865842384458397
1992-09-30,0.017938198396689524
1992-10-31,-0.007002772821431657
1992-11-30,-0.01460331003909899
1992-12-31,0.012933581720011154
1993-01-31,0.017988955537201822
1993-02-28,0.03057140117652229
1993-03-31,0.026124328128092532
1993-04-30,0.005730371026136488
1993-05-31,-0.00023785572712781925
1993-06-30,0.011012320562737155
1993-07-31,0.01625318788874363
1993-08-31,0.014680852842297955
1993-09-30,0.029306519478129976
1993-10-31,0.006773545988639155
1993-11-30,-0.02502263093507363
1993-12-31,0.0009977036045137585
1994-01-31,0.0063172790165771115
1994-02-28,-0.011643162574998395
1994-03-31,-0.0322649759727422
1994-04-30,-0.029611345643090384
1994-05-31,-0.009058502061886603
1994-06-30,0.01166683909428811
1994-07-31,-0.008167881510649636
1994-08-31,0.010319828215183405
1994-09-30,-0.009351585615015479
1994-10-31,-0.013126693229464342
1994-11-30,-0.008604036676387494
1994-12-31,0.016964392583113618
1995-01-31,0.00857723796297671
1995-02-28,0.02815261453432332
1995-03-31,0.0253227230664382
1995-04-30,0.01596365667818955
1995-05-31,0.03707315002992093
1995-06-30,0.03958192905943525
1995-07-31,-0.0029624248334338297
1995-08-31,-0.010093952914304573
1995-09-30,0.026850203931602187
1995-10-31,0.01708176547153019
1995-11-30,0.013265533315762412
1995-12-31,0.021570056477021194
1996-01-31,0.009305655387909752
1996-02-29,-0.007330622636882092
1996-03-31,-0.02906331263130498
1996-04-30,-0.012276321321657936
1996-05-31,-0.011176772923646286
1996-06-30,-0.00656232306933984
1996-07-31,0.008629044291299761
1996-08-31,0.02240052444741971
1996-09-30,-0.008126669360373706
1996-10-31,0.02754887134033403
1996-11-30,0.029841036657800014
1996-12-31,-0.0021941119620523114
1997-01-31,-0.01510478156221948
1997-02-28,0.017197716138060808
1997-03-31,-0.014182258490716047
1997-04-30,-0.008765881035613817
1997-05-31,0.01875163590657305
1997-06-30,0.0216488236880017
1997-07-31,0.025353605384491926
1997-08-31,-0.0007052895696418714
1997-09-30,0.011901397883222555
1997-10-31,0.018585502157138903
1997-11-30,0.01627600172751381
1997-12-31,0.010167043236969027
1998-01-31,0.025406697315493866
1998-02-28,0.002334764529083053
1998-03-31,-0.0014214294061016706
1998-04-30,0.0054665629566319675
1998-05-31,0.00394211299090393
1998-06-30,0.016154071685974068
1998-07-31,0.007641070034312308
1998-08-31,0.013773323781715198
1998-09-30,0.04618450028159498
1998-10-31,0.026342663302971466
1998-11-30,-0.019826631121210386
1998-12-31,0.018303605545004598
1999-01-31,-0.0016599388689650554
1999-02-28,-0.01792397750051845
1999-03-31,-0.01360006691415426
1999-04-30,0.008229476127630789
1999-05-31,-0.02310337419843619
1999-06-30,-0.02236145084960544
1999-07-31,0.013200912398631623
1999-08-31,-0.006395681981138902
1999-09-30,0.006447436763016058
1999-10-31,-0.009171507562027902
1999-11-30,0.011051889847617243
1999-12-31,-0.013393389772955512
2000-01-31,-0.022293101576359865
2000-02-29,0.01575456504319811
2000-03-31,0.02460558129185035
2000-04-30,0.025368573243759206
2000-05-31,-0.027925698159598618
2000-06-30,0.030618221476395847
2000-07-31,0.008805131658411017
2000-08-31,0.02158032309752761
2000-09-30,0.007116655004377228
2000-10-31,0.009362213019551955
2000-11-30,0.006294322953935365
2000-12-31,0.041828185563267256
2001-01-31,0.010566145799292086
2001-02-28,0.008962355948550356
2001-03-31,0.02072574956867981
2001-04-30,-0.015316053231031742
2001-05-31,-0.014888325824735954
2001-06-30,0.012969481316578041
2001-07-31,0.007488459908050068
2001-08-31,0.02547230682633365
2001-09-30,0.02310987847957464
2001-10-31,0.01668062034148148
2001-11-30,-0.002537713575557623
2001-12-31,-0.030331224418192654
2002-01-31,0.008137626359966146
2002-02-28,0.014389930921723932
2002-03-31,-0.02442461897394415
2002-04-30,0.009812195275399602
2002-05-31,0.00821634112455747
2002-06-30,0.02231183127311634
2002-07-31,0.02631949751445179
2002-08-31,0.035374409320924435
2002-09-30,0.03562618700426895
2002-10-31,-0.0025134900898298508
2002-11-30,-0.005688202509760848
2002-12-31,0.00500770758308287
2003-01-31,0.0017271449982253309
2003-02-28,0.015694730997299993
2003-03-31,0.010672974350277833
2003-04-30,-0.009110303520204182
2003-05-31,0.03582988985098026
2003-06-30,0.02322070893593136
2003-07-31,-0.05041171540170128
2003-08-31,-0.03431182028229115
2003-09-30,0.018239784369446975
2003-10-31,0.0019452235199675125
2003-11-30,0.0027688186955975354
2003-12-31,0.0060052418393521986
2004-01-31,0.013300062423557083
2004-02-29,0.009159529347856792
2004-03-31,0.024000109950225765
2004-04-30,-0.038632812461642664
2004-05-31,-0.025631105450244263
2004-06-30,0.0031429911744620285
2004-07-31,0.02231313879902579
2004-08-31,0.021502432505913518
2004-09-30,0.015755148912651232
2004-10-31,0.005882764876544145
2004-11-30,-0.0038760714118055276
2004-12-31,0.00025646029040382254
2005-01-31,0.004334176889257524
2005-02-28,0.00757195170313568
2005-03-31,-0.022884068711645507
2005-04-30,0.016625028876042416
2005-05-31,0.019860426632390137
2005-06-30,0.014894931023577798
2005-07-31,-0.011258915621199593
2005-08-31,-0.0029780839632665475
2005-09-30,0.00840956924508879
2005-10-31,-0.01730614483016874
2005-11-30,-0.0026616275523257196
2005-12-31,0.009382401018903502
2006-01-31,0.007733584168787132
2006-02-28,-0.008259435736805692
2006-03-31,-0.008052249957306214
2006-04-30,-0.017153002259227456
2006-05-31,-0.005162122891899143
2006-06-30,0.004258333333333334
2006-07-31,0.005813161715978535
2006-08-31,0.02072496946671795
2006-09-30,0.01671795551001543
2006-10-31,0.0031429911744620285
2006-11-30,0.014277765934180554
2006-12-31,0.0070195403693384725
2007-01-31,-0.011985067559597854
2007-02-28,0.007129488877503968
2007-03-31,0.01667816147735367
2007-04-30,-0.00649336278452786
2007-05-31,-0.0008293630967431539
2007-06-30,-0.023238743033210003
2007-07-31,0.012056182440661225
2007-08-31,0.030320025698046718
2007-09-30,0.015862007814878384
2007-10-31,0.0029690120248938284
2007-11-30,0.03462380878570884
2007-12-31,0.007526830349795725
2008-01-31,0.033205934769023046
2008-02-29,0.003116666666666667
2008-03-31,0.02235510302419864
2008-04-30,-0.011181732963435453
2008-05-31,-0.013374982136979735
2008-06-30,-0.014668053539101477
2008-07-31,0.010770696263059642
2008-08-31,0.013202052215104045
2008-09-30,0.019830049984023237
2008-10-31,-0.006822299133703852
2008-11-30,0.02657370573882963
2008-12-31,0.10071748765845139
2009-01-31,-0.006749889604010795
2009-02-28,-0.02807505722591107
2009-03-31,0.006712652602768418
2009-04-30,-0.007106591203650611
2009-05-31,-0.02798424550081658
2009-06-30,-0.032873285973665095
2009-07-31,0.016451863007615926
2009-08-31,0.00046671534577257716
2009-09-30,0.01896674108695445
2009-10-31,0.0036745227795021776
2009-11-30,0.001984206609458561
2009-12-31,-0.012999691698995973
2010-01-31,-0.008598472246812264
2010-02-28,0.006426009996804602
2010-03-31,-0.00023646826099393272
2010-04-30,-0.006770485071262147
2010-05-31,0.03932842159748325
2010-06-30,0.021522802556818134
2010-07-31,0.018938885086049535
2010-08-31,0.029452019657763673
2010-09-30,0.006606134301998882
2010-10-31,0.011842324885444198
2010-11-30,-0.01695005815963756
2010-12-31,-0.04249370402435046
2011-01-31,-0.00567022779502244
2011-02-28,-0.01301545762707076
2011-03-31,0.01727009241038235
2011-04-30,-0.0013504456581596362
2011-05-31,0.027532413996994118
2011-06-30,0.01720792647435944
2011-07-31,0.0025
2011-08-31,0.06451643362379339
2011-09-30,0.03070736478480939
2011-10-31,-0.01352017183210878
2011-11-30,0.014369363579846781
2011-12-31,0.004374127948575963
2012-01-31,0.0025501440208808993
2012-02-29,0.0016416666666666665
2012-03-31,-0.016188417000667518
2012-04-30,0.012568426170794044
2012-05-31,0.024397785812034244
2012-06-30,0.017979739687290663
2012-07-31,0.009626024902085011
2012-08-31,-0.012418143226092608
2012-09-30,-0.002244422002429537
2012-10-31,-0.0012960082780466096
2012-11-30,0.010600406643651356
2012-12-31,-0.005002738504251606
2013-01-31,-0.0157190740820738
2013-02-28,-0.004706298546677026
2013-03-31,0.003451158025275473
2013-04-30,0.01982012266671558
2013-05-31,-0.013865390445503117
2013-06-30,-0.03117178158210031
2013-07-31,-0.022559373338059473
2013-08-31,-0.011729928211722793
2013-09-30,-0.00376892639984913
2013-10-31,0.018918702021424517
2013-11-30,-0.006499894665132325
2013-12-31,-0.013229823065112861
2014-01-31,0.005866884641855629
2014-02-28,0.0154143860838946
2014-03-31,0.0013900105334867228
2014-04-30,0.0031354035167041883
2014-05-31,0.015383037843089779
2014-06-30,-0.0013599041381759805
2014-07-31,0.00742157114963617
2014-08-31,0.012687025692805453
2014-09-30,-0.007621933544539883
2014-10-31,0.022485161524008212
2014-11-30,-0.0007373548405974594
2014-12-31,0.012619144792338657
2015-01-31,0.03167595380250591
2015-02-28,-0.007430426495252878
2015-03-31,-0.0037326426262938436
2015-04-30,0.010714498582207597
2015-05-31,-0.021529001470553633
2015-06-30,-0.012301084814837736
2015-07-31,0.005507061179018441
2015-08-31,0.015305896083833917
2015-09-30,0.0018083333333333335
2015-10-31,0.010766431897460437
2015-11-30,-0.015140411960573561
2015-12-31,0.0036603474335184924
2016-01-31,0.015290863406993689
2016-02-29,0.02990387088174642
2016-03-31,-0.008456618788103058
2016-04-30,0.008832107877969737
2016-05-31,0.0015083333333333335
2016-06-30,0.01705741094509927
2016-07-31,0.014259304919357492
2016-08-31,-0.0042592995005421306
2016-09-30,-0.005105673482013374
2016-10-31,-0.01046307973336515
2016-11-30,-0.03245946377780335
2016-12-31,-0.0289436921273323
2017-01-31,0.007357647465935986
2017-02-28,0.002905863252178177
2017-03-31,-0.0032533454954396523
2017-04-30,0.018013749598499336
2017-05-31,0.0019166666666666666
2017-06-30,0.011713777604420373
2017-07-31,-0.009681282165143378
2017-08-31,0.01172102161519927
2017-09-30,0.002731884671944332
2017-10-31,-0.012301084814837736
2017-11-30,0.0028504917557177155
2017-12-31,-0.002450207169756475
2018-01-31,-0.013734597145895424
2018-02-28,-0.022001525826322185
2018-03-31,0.004110083938780802
2018-04-30,-0.0002197668098399999
2018-05-31,-0.0067011715890990114
2018-06-30,0.008159347299093029
2018-07-31,0.004147650587152597
2018-08-31,0.0024083333333333335
2018-09-30,-0.0070168936010561855
2018-10-31,-0.010261589612465096
2018-11-30,0.00518094337454479
2018-12-31,0.027649797202323367
2019-01-31,0.01278317553378248
2019-02-28,0.004868275225104439
2019-03-31,0.01185351705008755
2019-04-30,0.005646612198014503
2019-05-31,0.01357053864136688
2019-06-30,0.03247222756491608
2019-07-31,0.0410658037704635
2019-08-31,0.0013583333333333331
2019-09-30,-0.005025598569900053
2019-10-31,0.0005051189267945462
2019-11-30,-0.007646384847462172
2019-12-31,-0.0030163904998957713
2020-01-31,0.010643394666691123
2020-02-29,0.025410137707378485
2020-03-31,0.06108508010021965
2020-04-30,0.02087776762849516
2020-05-31,-0.0004091813812557248
2020-06-30,-0.005179722889471988
2020-07-31,0.01118544552722246
2020-08-31,-0.002363723748653178
2020-09-30,-0.002334455767018846
2020-10-31,-0.00992200248263047
2020-11-30,-0.006939772076218414
2020-12-31,-0.004956772808656782
2021-01-31,-0.013325124984760654
2021-02-28,-0.01587158806802925
2021-03-31,-0.031009519467869225
2021-04-30,-0.001402288205997878
2021-05-31,0.0031977488541434064
2021-06-30,0.0105500616202077
2021-07-31,0.01984717906753511
2021-08-31,0.004823375704139498
2021-09-30,-0.0072741690120239275
2021-10-31,-0.018122128335998397
2021-11-30,0.0031530998335138954
2021-12-31,0.00960024837216814
2022-01-31,-0.025145844533404325
2022-02-28,-0.013865390445503117
2022-03-31,-0.016256127613346927
2022-04-30,-0.051984101136968025
2022-05-31,-0.01062207477648294
2022-06-30,-0.018011538273842564
2022-07-31,0.023278652975706037
2022-08-31,0.0024166666666666664
2022-09-30,-0.049419101731274354
2022-10-31,-0.03470649602787069
2022-11-30,0.010711955827994701
2022-12-31,0.0257095833929771
2023-01-31,0.010537679225576246
2023-02-28,-0.01525436888690774
2023-03-31,0.01060027301130102
2023-04-30,0.01981844929930521
2023-05-31,-0.006291763804122679
2023-06-30,-0.011912665452924414
2023-07-31,-0.009194730997299994
2023-08-31,-0.018648539196932854
2023-09-30,0.009987622927497658
