date,usd_per_gbp
2022-06-01,1.24840
2022-06-02,1.25739
2022-06-03,1.24850
2022-06-06,1.25299
2022-06-07,1.25890
2022-06-08,1.25351
2022-06-09,1.24950
2022-06-10,1.23140
2022-06-13,1.21345
2022-06-14,1.19953
2022-06-15,1.21703
2022-06-16,1.23512
2022-06-17,1.22220
2022-06-20,1.22460
2022-06-21,1.22783
2022-06-22,1.22618
2022-06-23,1.22575
2022-06-24,1.22668
2022-06-27,1.22650
2022-06-28,1.21860
2022-06-29,1.21210
2022-06-30,1.21731
2022-07-01,1.20940
2022-07-04,1.20979
2022-07-05,1.19513
2022-07-06,1.19167
2022-07-07,1.20204
2022-07-08,1.20270
2022-07-11,1.18890
2022-07-12,1.18860
2022-07-13,1.18910
2022-07-14,1.18246
2022-07-15,1.18618
2022-07-18,1.19509
2022-07-19,1.19969
2022-07-20,1.19763
2022-07-21,1.19914
2022-07-22,1.20020
2022-07-25,1.20472
2022-07-26,1.20292
2022-07-27,1.21558
2022-07-28,1.21753
2022-07-29,1.21745
2022-08-01,1.22481
2022-08-02,1.21621
2022-08-03,1.21429
2022-08-04,1.21553
2022-08-05,1.20700
2022-08-08,1.20787
2022-08-09,1.20725
2022-08-10,1.22156
2022-08-11,1.21975
2022-08-12,1.21300
2022-08-15,1.20570
2022-08-16,1.20916
2022-08-17,1.20480
2022-08-18,1.19300
2022-08-19,1.18270
2022-08-22,1.17648
2022-08-23,1.18302
2022-08-24,1.17920
2022-08-25,1.18360
2022-08-26,1.17400
2022-08-29,1.17055
2022-08-30,1.16535
2022-08-31,1.16163
2022-09-01,1.15408
2022-09-02,1.15158
2022-09-05,1.15200
2022-09-06,1.15170
2022-09-07,1.15369
2022-09-08,1.15010
2022-09-09,1.15876
2022-09-12,1.16790
2022-09-13,1.14928
2022-09-14,1.15400
2022-09-15,1.14650
2022-09-16,1.14187
2022-09-19,1.14330
2022-09-20,1.13782
2022-09-21,1.12730
2022-09-22,1.12536
2022-09-23,1.08474
2022-09-26,1.06715
2022-09-27,1.07324
2022-09-28,1.08817
2022-09-29,1.11205
2022-09-30,1.11600
2022-10-03,1.13176
2022-10-04,1.14713
2022-10-05,1.13220
2022-10-06,1.11655
2022-10-07,1.10913
2022-10-10,1.10558
2022-10-11,1.09736
2022-10-12,1.10983
2022-10-13,1.13300
2022-10-14,1.11780
2022-10-17,1.13610
2022-10-18,1.13225
2022-10-19,1.12166
2022-10-20,1.12336
2022-10-21,1.12956
2022-10-24,1.12785
2022-10-25,1.14694
2022-10-26,1.16224
2022-10-27,1.15650
2022-10-28,1.16100
2022-10-31,1.14669
2022-11-01,1.14842
2022-11-02,1.13874
2022-11-03,1.11576
2022-11-04,1.13724
2022-11-07,1.15089
2022-11-08,1.15394
2022-11-09,1.13571
2022-11-10,1.17114
2022-11-11,1.18366
2022-11-14,1.17554
2022-11-15,1.18613
2022-11-16,1.19130
2022-11-17,1.18641
2022-11-18,1.18883
2022-11-21,1.18220
2022-11-22,1.18849
2022-11-23,1.20524
2022-11-24,1.21100
2022-11-25,1.20930
2022-11-28,1.19555
2022-11-29,1.19512
2022-11-30,1.20540
2022-12-01,1.22445
2022-12-02,1.22858
2022-12-05,1.21868
2022-12-06,1.21331
2022-12-07,1.22010
2022-12-08,1.22328
2022-12-09,1.22594
2022-12-12,1.22658
2022-12-13,1.23618
2022-12-14,1.24232
2022-12-15,1.21776
2022-12-16,1.21345
2022-12-19,1.21465
2022-12-20,1.21820
2022-12-21,1.20820
2022-12-22,1.20374
2022-12-23,1.20505
2022-12-26,1.20620
2022-12-27,1.20240
2022-12-28,1.20140
2022-12-29,1.20526
2022-12-30,1.20934
2023-01-02,1.20440
2023-01-03,1.19670
2023-01-04,1.20535
2023-01-05,1.19060
2023-01-06,1.20904
2023-01-09,1.21820
2023-01-10,1.21487
2023-01-11,1.21460
2023-01-12,1.22071
2023-01-13,1.22230
2023-01-16,1.21910
2023-01-17,1.22841
2023-01-18,1.23446
2023-01-19,1.23875
2023-01-20,1.23942
2023-01-23,1.23780
2023-01-24,1.23302
2023-01-25,1.24013
2023-01-26,1.24090
2023-01-27,1.23960
2023-01-30,1.23500
2023-01-31,1.23199
2023-02-01,1.23733
2023-02-02,1.22244
2023-02-03,1.20531
2023-02-06,1.20190
2023-02-07,1.20458
2023-02-08,1.20711
2023-02-09,1.21210
2023-02-10,1.20575
2023-02-13,1.21380
2023-02-14,1.21720
2023-02-15,1.20280
2023-02-16,1.19925
2023-02-17,1.20395
2023-02-20,1.20387
2023-02-21,1.21117
2023-02-22,1.20462
2023-02-23,1.20110
2023-02-24,1.19410
2023-02-27,1.20630
2023-02-28,1.20200
2023-03-01,1.20284
2023-03-02,1.19417
2023-03-03,1.20437
2023-03-06,1.20223
2023-03-07,1.18279
2023-03-08,1.18403
2023-03-09,1.19240
2023-03-10,1.20265
2023-03-13,1.21830
2023-03-14,1.21530
2023-03-15,1.20501
2023-03-16,1.21118
2023-03-17,1.21750
2023-03-20,1.22755
2023-03-21,1.22156
2023-03-22,1.22680
2023-03-23,1.22870
2023-03-24,1.22300
2023-03-27,1.22827
2023-03-28,1.23350
2023-03-29,1.23140
2023-03-30,1.23866
2023-03-31,1.23330
2023-04-03,1.24160
2023-04-04,1.25010
2023-04-05,1.24610
2023-04-06,1.24369
2023-04-07,1.24157
2023-04-10,1.23830
2023-04-11,1.24264
2023-04-12,1.24839
2023-04-13,1.25241
2023-04-14,1.24130
2023-04-17,1.23773
2023-04-18,1.24245
2023-04-19,1.24347
2023-04-20,1.24389
2023-04-21,1.24373
2023-04-24,1.24840
2023-04-25,1.24090
2023-04-26,1.24670
2023-04-27,1.24932
2023-04-28,1.25612
2023-05-01,1.24928
2023-05-02,1.24693
2023-05-03,1.25659
2023-05-04,1.25714
2023-05-05,1.26299
2023-05-08,1.26180
2023-05-09,1.26167
2023-05-10,1.26214
2023-05-11,1.25110
2023-05-12,1.24470
2023-05-15,1.25280
2023-05-16,1.24824
2023-05-17,1.24876
2023-05-18,1.24044
2023-05-19,1.24440
2023-05-22,1.24334
2023-05-23,1.24148
2023-05-24,1.23640
2023-05-25,1.23190
2023-05-26,1.23436
2023-05-29,1.23553
2023-05-30,1.24122
2023-05-31,1.24381
2023-06-01,1.25234
2023-06-02,1.24470
2023-06-05,1.24324
2023-06-06,1.24172
2023-06-07,1.24380
2023-06-08,1.25586
2023-06-09,1.25754
2023-06-12,1.25099
2023-06-13,1.26102
2023-06-14,1.26614
2023-06-15,1.27811
2023-06-16,1.28186
2023-06-19,1.27941
2023-06-20,1.27631
2023-06-21,1.27661
2023-06-22,1.27433
2023-06-23,1.27125
2023-06-26,1.27104
2023-06-27,1.27470
2023-06-28,1.26355
2023-06-29,1.26094
2023-06-30,1.26928
2023-07-03,1.26888
2023-07-04,1.27107
2023-07-05,1.27019
2023-07-06,1.27377
2023-07-07,1.28360
2023-07-10,1.28578
2023-07-11,1.29290
2023-07-12,1.29864
2023-07-13,1.31311
2023-07-14,1.30890
2023-07-17,1.30722
2023-07-18,1.30357
2023-07-19,1.29360
2023-07-20,1.28658
2023-07-21,1.28527
2023-07-24,1.28236
2023-07-25,1.28999
2023-07-26,1.29430
2023-07-27,1.27948
2023-07-28,1.28442
2023-07-31,1.28352
2023-08-01,1.27870
2023-08-02,1.27111
2023-08-03,1.27081
2023-08-04,1.27448
2023-08-07,1.27800
2023-08-08,1.27433
2023-08-09,1.27170
2023-08-10,1.26752
2023-08-11,1.26940
2023-08-14,1.26831
2023-08-15,1.26997
2023-08-16,1.27306
2023-08-17,1.27463
2023-08-18,1.27300
2023-08-21,1.27549
2023-08-22,1.27291
2023-08-23,1.27174
2023-08-24,1.26039
2023-08-25,1.25746
2023-08-28,1.25996
2023-08-29,1.26430
2023-08-30,1.27180
2023-08-31,1.26715
2023-09-01,1.25856
2023-09-04,1.26264
2023-09-05,1.25649
2023-09-06,1.24997
2023-09-07,1.24710
2023-09-08,1.24650
2023-09-11,1.25098
2023-09-12,1.24880
2023-09-13,1.24895
2023-09-14,1.24081
2023-09-15,1.23813
2023-09-18,1.23850
2023-09-19,1.23919
2023-09-20,1.23420
2023-09-21,1.22911
2023-09-22,1.22390
2023-09-25,1.22096
2023-09-26,1.21543
2023-09-27,1.21366
2023-09-28,1.22028
2023-09-29,1.21970
2023-10-02,1.20872
2023-10-03,1.20760
2023-10-04,1.21374
2023-10-05,1.21900
2023-10-06,1.22380
2023-10-09,1.22384
2023-10-10,1.22822
2023-10-11,1.23110
2023-10-12,1.21768
2023-10-13,1.21378
2023-10-16,1.22118
2023-10-17,1.21847
2023-10-18,1.21400
2023-10-19,1.21421
2023-10-20,1.21600
2023-10-23,1.22438
2023-10-24,1.21595
2023-10-25,1.21088
2023-10-26,1.21280
2023-10-27,1.21220
2023-10-30,1.21663
2023-10-31,1.21482
2023-11-01,1.21524
2023-11-02,1.21994
2023-11-03,1.23760
2023-11-06,1.23442
2023-11-07,1.22996
2023-11-08,1.22845
2023-11-09,1.22227
2023-11-10,1.22237
2023-11-13,1.22786
2023-11-14,1.24973
2023-11-15,1.24167
2023-11-16,1.24141
2023-11-17,1.24564
2023-11-20,1.25042
2023-11-21,1.25384
2023-11-22,1.24930
2023-11-23,1.25337
2023-11-24,1.26014
2023-11-27,1.26273
2023-11-28,1.26927
2023-11-29,1.26951
2023-11-30,1.26217
2023-12-01,1.27081
2023-12-04,1.26326
2023-12-05,1.25923
2023-12-06,1.25594
2023-12-07,1.25925
2023-12-08,1.25445
2023-12-11,1.25549
2023-12-12,1.25628
2023-12-13,1.26178
2023-12-14,1.27652
2023-12-15,1.26725
2023-12-18,1.26479
2023-12-19,1.27321
2023-12-20,1.26376
2023-12-21,1.26893
2023-12-22,1.26930
2023-12-25,1.26840
2023-12-26,1.27241
2023-12-27,1.27979
2023-12-28,1.27314
2023-12-29,1.27300
2024-01-01,1.27230
2024-01-02,1.26149
2024-01-03,1.26645
2024-01-04,1.26818
2024-01-05,1.27173
2024-01-08,1.27472
2024-01-09,1.27098
2024-01-10,1.27420
2024-01-11,1.27628
2024-01-12,1.27473
2024-01-15,1.27274
2024-01-16,1.26365
2024-01-17,1.26748
2024-01-18,1.27047
2024-01-19,1.27008
2024-01-22,1.27079
2024-01-23,1.26856
2024-01-24,1.27244
2024-01-25,1.27068
2024-01-26,1.27025
2024-01-29,1.27086
2024-01-30,1.26983
2024-01-31,1.26863
2024-02-01,1.27425
2024-02-02,1.26284
2024-02-05,1.25324
2024-02-06,1.25946
2024-02-07,1.26250
2024-02-08,1.26172
2024-02-09,1.26247
2024-02-12,1.26285
2024-02-13,1.25916
2024-02-14,1.25655
2024-02-15,1.25988
2024-02-16,1.25978
2024-02-19,1.25935
2024-02-20,1.26221
2024-02-21,1.26372
2024-02-22,1.26594
2024-02-23,1.26683
2024-02-26,1.26848
2024-02-27,1.26834
2024-02-28,1.26615
2024-02-29,1.26231
2024-03-01,1.26530
2024-03-04,1.26913
2024-03-05,1.27047
2024-03-06,1.27309
2024-03-07,1.28074
2024-03-08,1.28548
2024-03-11,1.28127
2024-03-12,1.27919
2024-03-13,1.27977
2024-03-14,1.27530
2024-03-15,1.27390
2024-03-18,1.27283
2024-03-19,1.27201
2024-03-20,1.27830
2024-03-21,1.26567
2024-03-22,1.26010
2024-03-25,1.26364
2024-03-26,1.26289
2024-03-27,1.26370
2024-03-28,1.26190
2024-03-29,1.26230
2024-04-01,1.25519
2024-04-02,1.25788
2024-04-03,1.26496
2024-04-04,1.26409
2024-04-05,1.26360
2024-04-08,1.26528
2024-04-09,1.26755
2024-04-10,1.25361
2024-04-11,1.25544
2024-04-12,1.24500
2024-04-15,1.24434
2024-04-16,1.24258
2024-04-17,1.24548
2024-04-18,1.24391
2024-04-19,1.23695
2024-04-22,1.23495
2024-04-23,1.24468
2024-04-24,1.24611
2024-04-25,1.25117
2024-04-26,1.24918
2024-04-29,1.25610
2024-04-30,1.24938
2024-05-01,1.25211
2024-05-02,1.25313
2024-05-03,1.25444
2024-05-06,1.25634
2024-05-07,1.25074
2024-05-08,1.24954
2024-05-09,1.25228
2024-05-10,1.25210
2024-05-13,1.25578
2024-05-14,1.25898
2024-05-15,1.26836
2024-05-16,1.26695
2024-05-17,1.27000
2024-05-20,1.27069
2024-05-21,1.27098
2024-05-22,1.27168
2024-05-23,1.26982
2024-05-24,1.27360
2024-05-27,1.27678
2024-05-28,1.27622
2024-05-29,1.27026
2024-05-30,1.27326
2024-05-31,1.27410
2024-06-03,1.28048
2024-06-04,1.27698
2024-06-05,1.27851
2024-06-06,1.27906
2024-06-07,1.27198
2024-06-10,1.27270
2024-06-11,1.27389
2024-06-12,1.27993
2024-06-13,1.27601
2024-06-14,1.26820
2024-06-17,1.27014
2024-06-18,1.27093
2024-06-19,1.27195
2024-06-20,1.26583
2024-06-21,1.26450
2024-06-24,1.26854
2024-06-25,1.26863
2024-06-26,1.26225
2024-06-27,1.26413
2024-06-28,1.26430
2024-07-01,1.26466
2024-07-02,1.26804
2024-07-03,1.27417
2024-07-04,1.27593
2024-07-05,1.28122
2024-07-08,1.28063
2024-07-09,1.27870
2024-07-10,1.28482
2024-07-11,1.29114
2024-07-12,1.29849
2024-07-15,1.29646
2024-07-16,1.29710
2024-07-17,1.30081
2024-07-18,1.29402
2024-07-19,1.29100
2024-07-22,1.29296
2024-07-23,1.29056
2024-07-24,1.29074
2024-07-25,1.28514
2024-07-26,1.28632
2024-07-29,1.28580
2024-07-30,1.28334
2024-07-31,1.28551
2024-08-01,1.27377
2024-08-02,1.28001
2024-08-05,1.27728
2024-08-06,1.26885
2024-08-07,1.26915
2024-08-08,1.27452
2024-08-09,1.27568
2024-08-12,1.27609
2024-08-13,1.28572
2024-08-14,1.28493
2024-08-15,1.28539
2024-08-16,1.29440
2024-08-19,1.29883
2024-08-20,1.30299
2024-08-21,1.30920
2024-08-22,1.30889
2024-08-23,1.32140
2024-08-26,1.31870
2024-08-27,1.32542
2024-08-28,1.31918
2024-08-29,1.31648
2024-08-30,1.31260
2024-09-02,1.31445
2024-09-03,1.31067
2024-09-04,1.31480
2024-09-05,1.31791
2024-09-06,1.31270
2024-09-09,1.30730
2024-09-10,1.30761
2024-09-11,1.30433
2024-09-12,1.31239
2024-09-13,1.31220
2024-09-16,1.32137
2024-09-17,1.31583
2024-09-18,1.32087
2024-09-19,1.32812
2024-09-20,1.33210
2024-09-23,1.33448
2024-09-24,1.34104
2024-09-25,1.33203
2024-09-26,1.34115
2024-09-27,1.33730
2024-09-30,1.33721
2024-10-01,1.32820
2024-10-02,1.32645
2024-10-03,1.31243
2024-10-04,1.31160
2024-10-07,1.30821
2024-10-08,1.31050
2024-10-09,1.30683
2024-10-10,1.30553
2024-10-11,1.30660
2024-10-14,1.30560
2024-10-15,1.30706
2024-10-16,1.29895
2024-10-17,1.30102
2024-10-18,1.30480
2024-10-21,1.29829
2024-10-22,1.29796
2024-10-23,1.29181
2024-10-24,1.29707
2024-10-25,1.29590
2024-10-28,1.29669
2024-10-29,1.30073
2024-10-30,1.29625
2024-10-31,1.28922
2024-11-01,1.29260
2024-11-04,1.29564
2024-11-05,1.30405
2024-11-06,1.28792
2024-11-07,1.29858
2024-11-08,1.29150
2024-11-11,1.28669
2024-11-12,1.27468
2024-11-13,1.27072
2024-11-14,1.26645
2024-11-15,1.26184
2024-11-18,1.26773
2024-11-19,1.26809
2024-11-20,1.26513
2024-11-21,1.25880
2024-11-22,1.25314
2024-11-25,1.25673
2024-11-26,1.25690
2024-11-27,1.26797
2024-11-28,1.26840
2024-11-29,1.27334
2024-12-02,1.26545
2024-12-03,1.26721
2024-12-04,1.27011
2024-12-05,1.27574
2024-12-06,1.27365
2024-12-09,1.27494
2024-12-10,1.27699
2024-12-11,1.27504
2024-12-12,1.26731
2024-12-13,1.26154
2024-12-16,1.26824
2024-12-17,1.27082
2024-12-18,1.25725
2024-12-19,1.25009
2024-12-20,1.25645
2024-12-23,1.25331
2024-12-24,1.25330
2024-12-25,1.25530
2024-12-26,1.25249
2024-12-27,1.25714
2024-12-30,1.25507
2024-12-31,1.25107
2025-01-01,1.25090
2025-01-02,1.23768
2025-01-03,1.24214
2025-01-06,1.25168
2025-01-07,1.24760
2025-01-08,1.23617
2025-01-09,1.23040
2025-01-10,1.22044
2025-01-13,1.21994
2025-01-14,1.22136
2025-01-15,1.22374
2025-01-16,1.22384
2025-01-17,1.21633
2025-01-20,1.23262
2025-01-21,1.22901
2025-01-22,1.23154
2025-01-23,1.23544
2025-01-24,1.24768
2025-01-27,1.24960
2025-01-28,1.24416
2025-01-29,1.24458
2025-01-30,1.24172
2025-01-31,1.23919
2025-02-03,1.24499
2025-02-04,1.24764
2025-02-05,1.25045
2025-02-06,1.24311
2025-02-07,1.23965
2025-02-10,1.23657
2025-02-11,1.24456
2025-02-12,1.24436
2025-02-13,1.25645
2025-02-14,1.25832
2025-02-17,1.26233
2025-02-18,1.26115
2025-02-19,1.25852
2025-02-20,1.26671
2025-02-21,1.26317
2025-02-24,1.26237
2025-02-25,1.26645
2025-02-26,1.26743
2025-02-27,1.25985
2025-02-28,1.25744
2025-03-03,1.26993
2025-03-04,1.27931
2025-03-05,1.28942
2025-03-06,1.28797
2025-03-07,1.29194
2025-03-10,1.28772
2025-03-11,1.29429
2025-03-12,1.29604
2025-03-13,1.29488
2025-03-14,1.29320
2025-03-17,1.29864
2025-03-18,1.30014
2025-03-19,1.30030
2025-03-20,1.29684
2025-03-21,1.29110
2025-03-24,1.29208
2025-03-25,1.29450
2025-03-26,1.28744
2025-03-27,1.29512
2025-03-28,1.29380
2025-03-31,1.29156
2025-04-01,1.29209
2025-04-02,1.29967
2025-04-03,1.30990
2025-04-04,1.28915
2025-04-07,1.27195
2025-04-08,1.27629
2025-04-09,1.28176
2025-04-10,1.29657
2025-04-11,1.30850
2025-04-14,1.31824
2025-04-15,1.32222
2025-04-16,1.32415
2025-04-17,1.32629
2025-04-18,1.32940
2025-04-21,1.33762
2025-04-22,1.32899
2025-04-23,1.32606
2025-04-24,1.33341
2025-04-25,1.33140
2025-04-28,1.34344
2025-04-29,1.34043
2025-04-30,1.33235
2025-05-01,1.32710
2025-05-02,1.32641
2025-05-05,1.32885
2025-05-06,1.33712
2025-05-07,1.32930
2025-05-08,1.32471
2025-05-09,1.32976
2025-05-12,1.31697
2025-05-13,1.33047
2025-05-14,1.32578
2025-05-15,1.32998
2025-05-16,1.32773
2025-05-19,1.33614
2025-05-20,1.33849
2025-05-21,1.34158
2025-05-22,1.34176
2025-05-23,1.35344
2025-05-26,1.35615
2025-05-27,1.35095
2025-05-28,1.34660
2025-05-29,1.34902
2025-05-30,1.34513
2025-06-02,1.35391
2025-06-03,1.35144
2025-06-04,1.35456
2025-06-05,1.35748
2025-06-06,1.35210
2025-06-09,1.35470
2025-06-10,1.34940
2025-06-11,1.35440
2025-06-12,1.36090
2025-06-13,1.35640
2025-06-16,1.35740
2025-06-17,1.34240
2025-06-18,1.34180
2025-06-19,1.34660
2025-06-20,1.34490
2025-06-23,1.35220
2025-06-24,1.36140
2025-06-25,1.36630
2025-06-26,1.37270
2025-06-27,1.37140
2025-06-30,1.37330
2025-07-01,1.37450
2025-07-02,1.36360
2025-07-03,1.36520
2025-07-04,1.36520
2025-07-07,1.35990
2025-07-08,1.35850
2025-07-09,1.35860
2025-07-10,1.35730
2025-07-11,1.34990
2025-07-14,1.34270
2025-07-15,1.33790
2025-07-16,1.34210
2025-07-17,1.34150
2025-07-18,1.34040
2025-07-21,1.34880
2025-07-22,1.35280
2025-07-23,1.35800
2025-07-24,1.35090
2025-07-25,1.34340
2025-07-28,1.33550
2025-07-29,1.33480
2025-07-30,1.32350
2025-07-31,1.32050
2025-08-01,1.32780
2025-08-04,1.32830
2025-08-05,1.32990
2025-08-06,1.33550
2025-08-07,1.34410
2025-08-08,1.34490
2025-08-11,1.34280
2025-08-12,1.34950
2025-08-13,1.35750
2025-08-14,1.35310
2025-08-15,1.35510
2025-08-18,1.35020
2025-08-19,1.34900
2025-08-20,1.34570
2025-08-21,1.34110
2025-08-22,1.35220
2025-08-25,1.34540
2025-08-26,1.34800
2025-08-27,1.34970
2025-08-28,1.35120
2025-08-29,1.35030
2025-09-01,1.35430
2025-09-02,1.33910
2025-09-03,1.34440
2025-09-04,1.34330
2025-09-05,1.35060
2025-09-08,1.35430
2025-09-09,1.35240
2025-09-10,1.35290
2025-09-11,1.35720
2025-09-12,1.35560
2025-09-15,1.35960
2025-09-16,1.36470
2025-09-17,1.36250
2025-09-18,1.35540
2025-09-19,1.34660
2025-09-22,1.35120
2025-09-23,1.35220
2025-09-24,1.34440
2025-09-25,1.33400
2025-09-26,1.34000
2025-09-29,1.34260
2025-09-30,1.34410
2025-10-01,1.34770
2025-10-02,1.34350
2025-10-03,1.34780
2025-10-06,1.34820
2025-10-07,1.34220
2025-10-08,1.34040
2025-10-09,1.33010
2025-10-10,1.33580
2025-10-13,1.33320
2025-10-14,1.33160
2025-10-15,1.34010
2025-10-16,1.34300
2025-10-17,1.34240
2025-10-20,1.34040
2025-10-21,1.33660
2025-10-22,1.33550
2025-10-23,1.33240
2025-10-24,1.33090
2025-10-27,1.33350
2025-10-28,1.32700
2025-10-29,1.31930
2025-10-30,1.31500
2025-10-31,1.31510
2025-11-03,1.31380
2025-11-04,1.30180
2025-11-05,1.30490
2025-11-06,1.31360
2025-11-07,1.31570
2025-11-10,1.31730
2025-11-11,1.31500
2025-11-12,1.31300
2025-11-13,1.31890
2025-11-14,1.31680
2025-11-17,1.31550
2025-11-18,1.31420
2025-11-19,1.30560
2025-11-20,1.30700
2025-11-21,1.30940
2025-11-24,1.31030
2025-11-25,1.31660
2025-11-26,1.32400
2025-11-27,1.32390
2025-11-28,1.32360
2025-12-01,1.32090
2025-12-02,1.32120
2025-12-03,1.33520
2025-12-04,1.33250
2025-12-05,1.33290
2025-12-08,1.33170
2025-12-09,1.32960
2025-12-10,1.33820
2025-12-11,1.33860
2025-12-12,1.33680
2025-12-15,1.33730
2025-12-16,1.34200
2025-12-17,1.33750
2025-12-18,1.33780
2025-12-19,1.33750
2025-12-22,1.34620
2025-12-23,1.35160
2025-12-24,1.35020
2025-12-25,1.35230
2025-12-26,1.34950
2025-12-29,1.35080
2025-12-30,1.34660
2025-12-31,1.34730
2026-01-01,1.34720
2026-01-02,1.34560
2026-01-05,1.35400
2026-01-06,1.35000
2026-01-07,1.34570
2026-01-08,1.34360
2026-01-09,1.33990
2026-01-12,1.34590
2026-01-13,1.34180
2026-01-14,1.34380
2026-01-15,1.33780
2026-01-16,1.33810
2026-01-19,1.34240
2026-01-20,1.34350
2026-01-21,1.34250
2026-01-22,1.34970
2026-01-23,1.36410
2026-01-26,1.36770
2026-01-27,1.38460
2026-01-28,1.38050
2026-01-29,1.38030
2026-01-30,1.36880
2026-02-02,1.36620
2026-02-03,1.36970
2026-02-04,1.36500
2026-02-05,1.35250
2026-02-06,1.36090
2026-02-09,1.36900
2026-02-10,1.36400
2026-02-11,1.36250
2026-02-12,1.36200
2026-02-13,1.36480
2026-02-16,1.36250
2026-02-17,1.35670
2026-02-18,1.34910
2026-02-19,1.34620
2026-02-20,1.34820
2026-02-23,1.34890
2026-02-24,1.34870
2026-02-25,1.35560
2026-02-26,1.34810
2026-02-27,1.34840
2026-03-02,1.34050
2026-03-03,1.33540
2026-03-04,1.33720
2026-03-05,1.33550
2026-03-06,1.34110
2026-03-09,1.34350
2026-03-10,1.34160
2026-03-11,1.34110
2026-03-12,1.33410
2026-03-13,1.32220
2026-03-16,1.33160
2026-03-17,1.33540
2026-03-18,1.32540
2026-03-19,1.34300
2026-03-20,1.33390
2026-03-23,1.34280
2026-03-24,1.34090
2026-03-25,1.33630
2026-03-26,1.33290
2026-03-27,1.32560
2026-03-30,1.31850
2026-03-31,1.32220
2026-04-01,1.33040
2026-04-02,1.32230
2026-04-03,1.31890
2026-04-06,1.32320
2026-04-07,1.32900
2026-04-08,1.33920
2026-04-09,1.34330
2026-04-10,1.34580
2026-04-13,1.35040
2026-04-14,1.35640
2026-04-15,1.35580
2026-04-16,1.35240
2026-04-17,1.35140
2026-04-20,1.35320
2026-04-21,1.35060
2026-04-22,1.35010
2026-04-23,1.34670
2026-04-24,1.35310
2026-04-27,1.35300
2026-04-28,1.35160
2026-04-29,1.34730
2026-04-30,1.36000
2026-05-01,1.35720
2026-05-04,1.35310
2026-05-05,1.35390
2026-05-06,1.35910
2026-05-07,1.35510
2026-05-08,1.36320
2026-05-11,1.36070
2026-05-12,1.35360
2026-05-13,1.35220
2026-05-14,1.33990
2026-05-15,1.33210
2026-05-18,1.34330
2026-05-19,1.33930
2026-05-20,1.34310
2026-05-21,1.34290
2026-05-22,1.34270
2026-05-25,1.35010
2026-05-26,1.34450
2026-05-27,1.34270
2026-05-28,1.34430
2026-05-29,1.34590
2026-06-01,1.34510
2026-06-02,1.34650
2026-06-03,1.34160
2026-06-04,1.34200
2026-06-05,1.33390
2026-06-08,1.33380
2026-06-09,1.33760
2026-06-10,1.33660
2026-06-11,1.34120
2026-06-12,1.34060
2026-06-15,1.34120
2026-06-16,1.34260
2026-06-17,1.32910
2026-06-18,1.32020
2026-06-19,1.32320
2026-06-22,1.32470
2026-06-23,1.32030
2026-06-24,1.31650
2026-06-25,1.31910
2026-06-26,1.32010
2026-06-29,1.32560
2026-06-30,1.32600
2026-07-01,1.32710
2026-07-02,1.33460
2026-07-03,1.33510
2026-07-06,1.33900
2026-07-07,1.33520
2026-07-08,1.33860
2026-07-09,1.34050
2026-07-10,1.34050
2026-07-13,1.33460
2026-07-14,1.33890
2026-07-15,1.35390
2026-07-16,1.34760
2026-07-17,1.34530
2026-07-20,1.34280
2026-07-21,1.33710
2026-07-22,1.33710
2026-07-23,1.33130
2026-07-24,1.33190
2026-07-27,1.32870
2026-07-28,1.32850
2026-07-29,1.33690
2026-07-30,1.34640
2026-07-31,1.34800
2026-08-03,1.34280
2026-08-04,1.34480
2026-08-05,1.34660
2026-08-06,1.34530
2026-08-07,1.34880
2026-08-10,1.35030
2026-08-11,1.35040
2026-08-12,1.34920
2026-08-13,1.34850
2026-08-14,1.35300
2026-08-17,1.35430
2026-08-18,1.35290
2026-08-19,1.36030
2026-08-20,1.36290
2026-08-21,1.36330
2026-08-24,1.36300
2026-08-25,1.36490
2026-08-26,1.35930
2026-08-27,1.35920
2026-08-28,1.35340
2026-08-31,1.35470
2026-09-01,1.35150
2026-09-02,1.34840
2026-09-03,1.35210
2026-09-04,1.35210
2026-09-07,1.35380
2026-09-08,1.35370
2026-09-09,1.35420
2026-09-10,1.35080
2026-09-11,1.35180
2026-09-14,1.34950
2026-09-15,1.34740
2026-09-16,1.33810
2026-09-17,1.33550
2026-09-18,1.33930
2026-09-21,1.33630
2026-09-22,1.33390
2026-09-23,1.32370
2026-09-24,1.32150
