start,one,four,spy
2000-01-03,42645.0,43481.0,9126.0
2000-01-10,42109.0,44401.0,9330.0
2000-01-18,45758.0,43821.0,9282.0
2000-01-24,47806.0,43012.0,9268.0
2000-01-31,41490.0,36922.0,9165.0
2000-02-07,39586.0,33912.0,8922.0
2000-02-14,33505.0,32076.0,9224.0
2000-02-22,32719.0,35948.0,9809.0
2000-02-28,32967.0,39250.0,9689.0
2000-03-06,37190.0,43337.0,9737.0
2000-03-13,43231.0,47128.0,9922.0
2000-03-20,48581.0,47149.0,9463.0
2000-03-27,46689.0,46280.0,9153.0
2000-04-03,46882.0,43283.0,9291.0
2000-04-10,45768.0,41357.0,9454.0
2000-04-17,46987.0,42364.0,10116.0
2000-04-24,40864.0,40184.0,10215.0
2000-05-01,39586.0,40297.0,9637.0
2000-05-08,39117.0,38707.0,9317.0
2000-05-15,35576.0,37581.0,9351.0
2000-05-22,34896.0,38273.0,9293.0
2000-05-30,31149.0,39212.0,9156.0
2000-06-05,40776.0,40649.0,8661.0
2000-06-12,42406.0,41073.0,9031.0
2000-06-19,39192.0,38850.0,8999.0
2000-06-26,41101.0,39492.0,8820.0
2000-07-03,37342.0,36380.0,8297.0
2000-07-10,34696.0,36454.0,8732.0
2000-07-17,35339.0,36181.0,8446.0
2000-07-24,37327.0,37672.0,8991.0
2000-07-31,39441.0,38444.0,9221.0
2000-08-07,37216.0,36964.0,9073.0
2000-08-14,37500.0,36760.0,8676.0
2000-08-21,34949.0,34818.0,8543.0
2000-08-28,35681.0,34706.0,8419.0
2000-09-05,35095.0,34430.0,8765.0
2000-09-11,34888.0,34585.0,8911.0
2000-09-18,35428.0,35323.0,9325.0
2000-09-25,35748.0,35152.0,9545.0
2000-10-02,35354.0,34420.0,9554.0
2000-10-09,34762.0,34509.0,9982.0
2000-10-16,35223.0,35755.0,10214.0
2000-10-23,35614.0,35668.0,10099.0
2000-10-30,36644.0,36067.0,10111.0
2000-11-06,36720.0,35380.0,10235.0
2000-11-13,38390.0,37985.0,10632.0
2000-11-20,37399.0,38100.0,10710.0
2000-11-27,38384.0,37567.0,10472.0
2000-12-04,38410.0,38243.0,11051.0
2000-12-11,39632.0,35932.0,10768.0
2000-12-18,39541.0,37538.0,11255.0
2000-12-26,39422.0,38603.0,11405.0
2001-01-02,31531.0,39690.0,11732.0
2001-01-08,43615.0,43305.0,11736.0
2001-01-16,45421.0,42484.0,11697.0
2001-01-22,39760.0,39674.0,11435.0
2001-01-29,39861.0,38601.0,11236.0
2001-02-05,40550.0,39105.0,11607.0
2001-02-12,41728.0,39741.0,11996.0
2001-02-20,42183.0,40454.0,12592.0
2001-02-26,41205.0,39090.0,12461.0
2001-03-05,41478.0,39481.0,12762.0
2001-03-12,40822.0,40169.0,13316.0
2001-03-19,39880.0,39191.0,13105.0
2001-03-26,42039.0,41363.0,13632.0
2001-04-02,43820.0,43365.0,14035.0
2001-04-09,42976.0,43376.0,13960.0
2001-04-16,40481.0,42133.0,13515.0
2001-04-23,41825.0,42849.0,13174.0
2001-04-30,41937.0,42194.0,12966.0
2001-05-07,39939.0,40770.0,12796.0
2001-05-14,39561.0,38240.0,12867.0
2001-05-21,38967.0,33591.0,12217.0
2001-05-29,39643.0,32176.0,12646.0
2001-06-04,29167.0,28337.0,12329.0
2001-06-11,27577.0,26916.0,12181.0
2001-06-18,26848.0,29875.0,12639.0
2001-06-25,26862.0,33432.0,12567.0
2001-07-02,28772.0,37122.0,13014.0
2001-07-09,44042.0,43809.0,13544.0
2001-07-16,42589.0,42164.0,13160.0
2001-07-23,43437.0,43560.0,13648.0
2001-07-30,41534.0,40879.0,12909.0
2001-08-06,36383.0,35745.0,12041.0
2001-08-13,35963.0,35313.0,11941.0
2001-08-20,36110.0,35341.0,11531.0
2001-08-27,35993.0,33791.0,12028.0
2001-09-04,36244.0,33968.0,12534.0
2001-09-10,36901.0,34068.0,12706.0
2001-09-17,35281.0,35199.0,14127.0
2001-09-24,35561.0,36783.0,13620.0
2001-10-01,35042.0,36077.0,13109.0
2001-10-08,35115.0,35710.0,13121.0
2001-10-15,34634.0,34352.0,13546.0
2001-10-22,34749.0,34429.0,13680.0
2001-10-29,34389.0,35530.0,14458.0
2001-11-05,34190.0,35960.0,13695.0
2001-11-12,34330.0,36205.0,13657.0
2001-11-19,35218.0,35830.0,12728.0
2001-11-26,36588.0,36071.0,12123.0
2001-12-03,35958.0,36923.0,13304.0
2001-12-10,36829.0,36255.0,13312.0
2001-12-17,37005.0,34974.0,12932.0
2001-12-24,36042.0,33470.0,13346.0
2001-12-31,32750.0,32776.0,13302.0
2002-01-07,32718.0,29781.0,13247.0
2002-01-14,32768.0,27982.0,13665.0
2002-01-22,34312.0,26113.0,14226.0
2002-01-28,23755.0,22926.0,14026.0
2002-02-04,23352.0,27037.0,14838.0
2002-02-11,24014.0,31204.0,14606.0
2002-02-19,24495.0,36968.0,15195.0
2002-02-25,38637.0,40595.0,14884.0
2002-03-04,39196.0,40423.0,14371.0
2002-03-11,40235.0,40717.0,14216.0
2002-03-18,41776.0,41612.0,14591.0
2002-03-25,43585.0,42703.0,14914.0
2002-04-01,42371.0,42412.0,14912.0
2002-04-08,42986.0,42630.0,15019.0
2002-04-15,43707.0,42737.0,15049.0
2002-04-22,43371.0,41931.0,15079.0
2002-04-29,42976.0,43113.0,15940.0
2002-05-06,44831.0,45919.0,15760.0
2002-05-13,44538.0,42692.0,15253.0
2002-05-20,43108.0,38303.0,14350.0
2002-05-28,41925.0,37190.0,14827.0
2002-06-03,37109.0,36470.0,14899.0
2002-06-10,36461.0,35299.0,15567.0
2002-06-17,36274.0,35014.0,15712.0
2002-06-24,37481.0,36103.0,16252.0
2002-07-01,36524.0,34680.0,17047.0
2002-07-08,36758.0,33550.0,16791.0
2002-07-15,36658.0,34216.0,17867.0
2002-07-22,36518.0,38139.0,20177.0
2002-07-29,36033.0,35496.0,18775.0
2002-08-05,35954.0,39162.0,20217.0
2002-08-12,35965.0,36587.0,18889.0
2002-08-19,36268.0,32371.0,18113.0
2002-08-26,36834.0,29763.0,18054.0
2002-09-03,36236.0,28028.0,19433.0
2002-09-09,25532.0,24109.0,19348.0
2002-09-16,25507.0,23569.0,19907.0
2002-09-23,25937.0,25446.0,21209.0
2002-09-30,26057.0,27037.0,21411.0
2002-10-07,25626.0,28194.0,22464.0
2002-10-14,26461.0,28028.0,20537.0
2002-10-21,26495.0,26063.0,19343.0
2002-10-28,26101.0,25998.0,19187.0
2002-11-04,25709.0,25636.0,18895.0
2002-11-11,25654.0,32080.0,19041.0
2002-11-18,24546.0,34393.0,18333.0
2002-11-25,26228.0,39137.0,18393.0
2002-12-02,44505.0,42897.0,18369.0
2002-12-09,43331.0,43465.0,19355.0
2002-12-16,44189.0,40957.0,18859.0
2002-12-23,45126.0,40939.0,19336.0
2002-12-30,43293.0,38880.0,19373.0
2003-01-06,37424.0,36362.0,19194.0
2003-01-13,38227.0,36598.0,19271.0
2003-01-21,37842.0,37612.0,20260.0
2003-01-27,40584.0,40539.0,21497.0
2003-02-03,41610.0,37827.0,21380.0
2003-02-10,41532.0,35259.0,22027.0
2003-02-18,42576.0,31836.0,21654.0
2003-02-24,29650.0,29502.0,22095.0
2003-03-03,30057.0,30455.0,22051.0
2003-03-10,31125.0,32901.0,23301.0
2003-03-17,31851.0,31934.0,21987.0
2003-03-24,32571.0,32581.0,21889.0
2003-03-31,32371.0,39622.0,22547.0
2003-04-07,31495.0,43228.0,21490.0
2003-04-14,31750.0,48966.0,21772.0
2003-04-21,51903.0,52060.0,21150.0
2003-04-28,54574.0,51721.0,21024.0
2003-05-05,54029.0,49410.0,21154.0
2003-05-12,51531.0,49597.0,21004.0
2003-05-19,51082.0,54935.0,21974.0
2003-05-27,49486.0,55093.0,21132.0
2003-06-02,50852.0,54322.0,20476.0
2003-06-09,54171.0,52007.0,20456.0
2003-06-16,47779.0,47847.0,19575.0
2003-06-23,52713.0,49199.0,19743.0
2003-06-30,49676.0,44765.0,20072.0
2003-07-07,44646.0,41325.0,19775.0
2003-07-14,43292.0,39676.0,20314.0
2003-07-21,43921.0,39930.0,21027.0
2003-07-28,38023.0,36658.0,20687.0
2003-08-04,39180.0,37423.0,21198.0
2003-08-11,36197.0,35848.0,20965.0
2003-08-18,36429.0,36561.0,20160.0
2003-08-25,36257.0,37644.0,20368.0
2003-09-02,33093.0,37889.0,19446.0
2003-09-08,39375.0,40613.0,19563.0
2003-09-15,43769.0,42980.0,20261.0
2003-09-22,44954.0,42337.0,20357.0
2003-09-29,42599.0,40034.0,20464.0
2003-10-06,41230.0,38152.0,19885.0
2003-10-13,38202.0,35526.0,19847.0
2003-10-20,36360.0,37238.0,20302.0
2003-10-27,37968.0,39019.0,20762.0
2003-11-03,38040.0,39703.0,20330.0
2003-11-10,39763.0,38119.0,20612.0
2003-11-17,40417.0,36556.0,20982.0
2003-11-24,43213.0,33825.0,20939.0
2003-12-01,30096.0,30660.0,20570.0
2003-12-08,31308.0,34806.0,20569.0
2003-12-15,30887.0,38677.0,20241.0
2003-12-22,30521.0,41913.0,20260.0
2003-12-29,45921.0,45634.0,20239.0
2004-01-05,44532.0,42375.0,19904.0
2004-01-12,44713.0,39827.0,19902.0
2004-01-20,43894.0,37994.0,19677.0
2004-01-26,33350.0,34238.0,18892.0
2004-02-02,34601.0,36202.0,19131.0
2004-02-09,35026.0,37550.0,19206.0
2004-02-17,34905.0,40316.0,19384.0
2004-02-23,41528.0,42854.0,19637.0
2004-03-01,44010.0,43963.0,19625.0
2004-03-08,45108.0,45201.0,20039.0
2004-03-15,45841.0,44835.0,20320.0
2004-03-22,46085.0,40340.0,20798.0
2004-03-29,42193.0,34066.0,20178.0
2004-04-05,38685.0,30599.0,19806.0
2004-04-12,25314.0,26572.0,19362.0
2004-04-19,26412.0,26334.0,20055.0
2004-04-26,28447.0,27718.0,19979.0
2004-05-03,28405.0,27333.0,20538.0
2004-05-10,28795.0,28403.0,21153.0
2004-05-17,27255.0,32703.0,21111.0
2004-05-24,27442.0,36652.0,21142.0
2004-06-01,29770.0,41595.0,20938.0
2004-06-07,46146.0,45147.0,20863.0
2004-06-14,45935.0,45596.0,21000.0
2004-06-21,46649.0,43514.0,21224.0
2004-06-28,45827.0,40842.0,21164.0
2004-07-06,48601.0,39455.0,21720.0
2004-07-12,36749.0,36004.0,21567.0
2004-07-19,36779.0,36142.0,21991.0
2004-07-26,36993.0,36229.0,22293.0
2004-08-02,35782.0,34907.0,21251.0
2004-08-09,33672.0,34304.0,22144.0
2004-08-16,34080.0,34708.0,22159.0
2004-08-23,35498.0,36641.0,22164.0
2004-08-30,35756.0,38011.0,22266.0
2004-09-07,35448.0,38115.0,21850.0
2004-09-13,38004.0,37689.0,21526.0
2004-09-20,38423.0,37765.0,21892.0
2004-09-27,38003.0,36473.0,21922.0
2004-10-04,36126.0,34648.0,21178.0
2004-10-11,34703.0,32652.0,20692.0
2004-10-18,30404.0,29969.0,20703.0
2004-10-25,31728.0,33257.0,21935.0
2004-11-01,31621.0,32729.0,21795.0
2004-11-08,32418.0,30908.0,21301.0
2004-11-15,32878.0,29452.0,21041.0
2004-11-22,33535.0,28024.0,21428.0
2004-11-29,25749.0,26751.0,21513.0
2004-12-06,26542.0,30407.0,21342.0
2004-12-13,27467.0,33393.0,20414.0
2004-12-20,26774.0,35350.0,21161.0
2004-12-27,39063.0,38331.0,21172.0
2005-01-03,38596.0,38827.0,20904.0
2005-01-10,39290.0,39114.0,21011.0
2005-01-18,37313.0,39390.0,20660.0
2005-01-24,43446.0,42075.0,21528.0
2005-01-31,42340.0,41525.0,20663.0
2005-02-07,40045.0,38903.0,20956.0
2005-02-14,40078.0,37362.0,21279.0
2005-02-22,41678.0,37312.0,21803.0
2005-02-28,35769.0,35483.0,21378.0
2005-03-07,34893.0,35174.0,20687.0
2005-03-14,35097.0,34715.0,20800.0
2005-03-21,37356.0,36214.0,21821.0
2005-03-28,36258.0,36368.0,21481.0
2005-04-04,35565.0,35576.0,21495.0
2005-04-11,35598.0,35613.0,21785.0
2005-04-18,36625.0,36732.0,22244.0
2005-04-25,36078.0,36431.0,22284.0
2005-05-02,35786.0,35369.0,22173.0
2005-05-09,34979.0,34138.0,21999.0
2005-05-16,35223.0,31961.0,22277.0
2005-05-23,33872.0,28655.0,21779.0
2005-05-31,32384.0,25792.0,21644.0
2005-06-06,23737.0,22930.0,21403.0
2005-06-13,22910.0,22194.0,21332.0
2005-06-20,22279.0,24524.0,21286.0
2005-06-27,22390.0,28303.0,21586.0
2005-07-05,22062.0,30686.0,21091.0
2005-07-11,31347.0,32665.0,20857.0
2005-07-18,33164.0,34986.0,21288.0
2005-07-25,36014.0,36151.0,20697.0
2005-08-01,34852.0,34724.0,20868.0
2005-08-08,36467.0,35248.0,20783.0
2005-08-15,35762.0,33131.0,20732.0
2005-08-22,33425.0,32704.0,19801.0
2005-08-29,31115.0,29817.0,20074.0
2005-09-06,29614.0,29914.0,19085.0
2005-09-12,29384.0,30137.0,19394.0
2005-09-19,29264.0,31056.0,19482.0
2005-09-26,31598.0,32664.0,19462.0
2005-10-03,31571.0,33179.0,19515.0
2005-10-10,34747.0,34918.0,20828.0
2005-10-17,34859.0,35344.0,20939.0
2005-10-24,34614.0,35097.0,21224.0
2005-10-31,34522.0,35235.0,21237.0
2005-11-07,35912.0,35168.0,21084.0
2005-11-14,34430.0,34578.0,20091.0
2005-11-21,34530.0,33217.0,20421.0
2005-11-28,32759.0,33334.0,20369.0
2005-12-05,35004.0,33163.0,20319.0
2005-12-12,34222.0,32371.0,19589.0
2005-12-19,32190.0,29114.0,19535.0
2005-12-27,30849.0,26039.0,20126.0
2006-01-03,30826.0,25925.0,19755.0
2006-01-09,21199.0,26765.0,18299.0
2006-01-17,19069.0,29067.0,17968.0
2006-01-23,30957.0,33246.0,18503.0
2006-01-30,34378.0,33200.0,18518.0
2006-02-06,33682.0,33108.0,18227.0
2006-02-13,34292.0,32666.0,18126.0
2006-02-21,32687.0,30835.0,18346.0
2006-02-27,31176.0,29697.0,18502.0
2006-03-06,30394.0,29388.0,19199.0
2006-03-13,28695.0,28901.0,19323.0
2006-03-20,28050.0,28525.0,19264.0
2006-03-27,28998.0,28109.0,19203.0
2006-04-03,29110.0,27810.0,19606.0
2006-04-10,28645.0,27063.0,19375.0
2006-04-17,26282.0,27217.0,19851.0
2006-04-24,25547.0,27107.0,19621.0
2006-05-01,26718.0,28083.0,19449.0
2006-05-08,27478.0,27573.0,19105.0
2006-05-15,27734.0,28656.0,19436.0
2006-05-22,28313.0,30177.0,20026.0
2006-05-30,30236.0,30947.0,20494.0
2006-06-05,30595.0,31470.0,20333.0
2006-06-12,32477.0,32853.0,20826.0
2006-06-19,32322.0,30666.0,20543.0
2006-06-26,32722.0,29178.0,20003.0
2006-07-03,32169.0,25883.0,20206.0
2006-07-10,24269.0,24613.0,20622.0
2006-07-17,28119.0,25993.0,21526.0
2006-07-24,24518.0,24588.0,21174.0
2006-07-31,24736.0,24616.0,20891.0
2006-08-07,24951.0,25301.0,20985.0
2006-08-14,25045.0,25442.0,21142.0
2006-08-21,24453.0,29067.0,20659.0
2006-08-28,26045.0,32981.0,20494.0
2006-09-05,23490.0,34321.0,20402.0
2006-09-11,40469.0,39024.0,20119.0
2006-09-18,38490.0,36396.0,19876.0
2006-09-25,34597.0,37120.0,20069.0
2006-10-02,37392.0,38799.0,20007.0
2006-10-09,37308.0,38341.0,19595.0
2006-10-16,35009.0,37819.0,19171.0
2006-10-23,38958.0,38696.0,19160.0
2006-10-30,39490.0,38296.0,18985.0
2006-11-06,37418.0,36987.0,18592.0
2006-11-13,37300.0,37416.0,19224.0
2006-11-20,38644.0,38067.0,19143.0
2006-11-27,40292.0,39114.0,19699.0
2006-12-04,39416.0,37708.0,19139.0
2006-12-11,38254.0,36937.0,19659.0
2006-12-18,37261.0,33117.0,19521.0
2006-12-26,38061.0,31118.0,19630.0
2007-01-03,36417.0,30865.0,19619.0
2007-01-08,24457.0,31224.0,19815.0
2007-01-16,25017.0,34168.0,19556.0
2007-01-22,36572.0,35952.0,19609.0
2007-01-29,37719.0,36654.0,19848.0
2007-02-05,35936.0,35683.0,19496.0
2007-02-12,37821.0,37197.0,19872.0
2007-02-20,36183.0,35751.0,19822.0
2007-02-26,35948.0,36412.0,20081.0
2007-03-05,37435.0,37426.0,21374.0
2007-03-12,36822.0,37076.0,20759.0
2007-03-19,37230.0,35937.0,20826.0
2007-03-26,36014.0,35458.0,20117.0
2007-04-02,37476.0,36726.0,20427.0
2007-04-09,31685.0,36989.0,20058.0
2007-04-16,35499.0,37126.0,19523.0
2007-04-23,36939.0,36885.0,19517.0
2007-04-30,37744.0,37765.0,19777.0
2007-05-07,36795.0,36799.0,19561.0
2007-05-14,37597.0,36409.0,19556.0
2007-05-21,39540.0,38321.0,19244.0
2007-05-29,39553.0,38048.0,19557.0
2007-06-04,38032.0,38111.0,19518.0
2007-06-11,38784.0,39010.0,19817.0
2007-06-18,39513.0,36477.0,19560.0
2007-06-25,39891.0,34450.0,20000.0
2007-07-02,37990.0,31183.0,19634.0
2007-07-09,27112.0,27134.0,19491.0
2007-07-16,28232.0,29262.0,19548.0
2007-07-23,30550.0,30612.0,19762.0
2007-07-30,31472.0,31468.0,20649.0
2007-08-06,31711.0,30658.0,20856.0
2007-08-13,31247.0,30827.0,20718.0
2007-08-20,30541.0,34064.0,20682.0
2007-08-27,30299.0,35694.0,20512.0
2007-09-04,29689.0,38537.0,20490.0
2007-09-10,43542.0,42289.0,20846.0
2007-09-17,42893.0,42112.0,20841.0
2007-09-24,43660.0,42958.0,20272.0
2007-10-01,39928.0,40180.0,20072.0
2007-10-08,41803.0,43300.0,20228.0
2007-10-15,44255.0,45592.0,20276.0
2007-10-22,46204.0,49234.0,21055.0
2007-10-29,49154.0,49688.0,20612.0
2007-11-05,51705.0,50654.0,21234.0
2007-11-12,55686.0,53025.0,22141.0
2007-11-19,54285.0,53323.0,22112.0
2007-11-26,52468.0,54735.0,22772.0
2007-12-03,52183.0,52571.0,22076.0
2007-12-10,46829.0,45025.0,21523.0
2007-12-17,47840.0,46876.0,22763.0
2007-12-24,46990.0,44990.0,22095.0
2007-12-31,47444.0,43652.0,22496.0
2008-01-07,46040.0,41669.0,23869.0
2008-01-14,48551.0,41540.0,24246.0
2008-01-22,48639.0,41412.0,26654.0
2008-01-28,40084.0,40178.0,26118.0
2008-02-04,39206.0,43315.0,24634.0
2008-02-11,37005.0,44234.0,24098.0
2008-02-19,37289.0,47267.0,24839.0
2008-02-25,57051.0,53563.0,24655.0
2008-03-03,56318.0,54197.0,24843.0
2008-03-10,56624.0,55676.0,26853.0
2008-03-17,58324.0,58722.0,26447.0
2008-03-24,54776.0,54341.0,23587.0
2008-03-31,53794.0,55612.0,24554.0
2008-04-07,50673.0,50989.0,23351.0
2008-04-14,51253.0,53942.0,24562.0
2008-04-21,54543.0,55246.0,23695.0
2008-04-28,50462.0,50795.0,23508.0
2008-05-05,51366.0,51336.0,23260.0
2008-05-12,54693.0,54572.0,23920.0
2008-05-19,56198.0,54582.0,23356.0
2008-05-27,57302.0,55954.0,24168.0
2008-06-02,57689.0,56969.0,24255.0
2008-06-09,59640.0,58517.0,25074.0
2008-06-16,60886.0,57014.0,25162.0
2008-06-23,60306.0,56338.0,25724.0
2008-06-30,56528.0,52959.0,26088.0
2008-07-07,53216.0,53087.0,27114.0
2008-07-14,54410.0,55367.0,28040.0
2008-07-21,55677.0,55518.0,27308.0
2008-07-28,55271.0,56351.0,28013.0
2008-08-04,54534.0,55521.0,27926.0
2008-08-11,56094.0,54668.0,26662.0
2008-08-18,56751.0,52244.0,27326.0
2008-08-25,56226.0,47154.0,27858.0
2008-09-02,58002.0,44705.0,27916.0
2008-09-08,43062.0,40722.0,27873.0
2008-09-15,42049.0,40468.0,29811.0
2008-09-22,43194.0,38829.0,29587.0
2008-09-29,42263.0,39706.0,32084.0
2008-10-06,42386.0,40116.0,33784.0
2008-10-13,41236.0,38586.0,33468.0
2008-10-20,39287.0,37016.0,34366.0
2008-10-27,36380.0,38819.0,38850.0
2008-11-03,32519.0,29729.0,34416.0
2008-11-10,32095.0,31754.0,36859.0
2008-11-17,31807.0,36835.0,39367.0
2008-11-24,30375.0,39281.0,38056.0
2008-12-01,41366.0,43534.0,41266.0
2008-12-08,41826.0,40646.0,35603.0
2008-12-15,41314.0,43464.0,36487.0
2008-12-22,40845.0,44434.0,33908.0
2008-12-29,43795.0,44882.0,34961.0
2009-01-05,45966.0,41856.0,33338.0
2009-01-12,45235.0,42683.0,36529.0
2009-01-20,45497.0,45820.0,40560.0
2009-01-26,43547.0,43358.0,38953.0
2009-02-02,43742.0,39814.0,40108.0
2009-02-09,44359.0,33522.0,38084.0
2009-02-17,43538.0,31130.0,42941.0
2009-02-23,30415.0,29493.0,45860.0
2009-03-02,30312.0,31783.0,48713.0
2009-03-09,30600.0,34027.0,49421.0
2009-03-16,30923.0,32444.0,45680.0
2009-03-23,30828.0,34620.0,41540.0
2009-03-30,31340.0,40576.0,43850.0
2009-04-06,31888.0,43062.0,42218.0
2009-04-13,45803.0,46351.0,41348.0
2009-04-20,45334.0,48016.0,42517.0
2009-04-27,45697.0,48091.0,41806.0
2009-05-04,45586.0,45878.0,39571.0
2009-05-11,45786.0,46849.0,38620.0
2009-05-18,45634.0,47278.0,38321.0
2009-05-26,45923.0,46717.0,37882.0
2009-06-01,44178.0,43861.0,35526.0
2009-06-08,46477.0,46232.0,37364.0
2009-06-15,45846.0,48616.0,38083.0
2009-06-22,51247.0,51891.0,40245.0
2009-06-29,50260.0,49961.0,38628.0
2009-07-06,53052.0,52406.0,40619.0
2009-07-13,52589.0,53112.0,40780.0
2009-07-20,49572.0,50856.0,38177.0
2009-07-27,48899.0,49719.0,37529.0
2009-08-03,49956.0,48651.0,35605.0
2009-08-10,49113.0,46181.0,35290.0
2009-08-17,47602.0,46861.0,35908.0
2009-08-24,48845.0,44199.0,33811.0
2009-08-31,42920.0,42653.0,34883.0
2009-09-08,49559.0,41449.0,35385.0
2009-09-14,37192.0,37267.0,34951.0
2009-09-21,38881.0,38271.0,34240.0
2009-09-28,33974.0,37734.0,33951.0
2009-10-05,37164.0,37770.0,34578.0
2009-10-12,39214.0,37243.0,33622.0
2009-10-19,37485.0,36411.0,33164.0
2009-10-26,36020.0,37156.0,34472.0
2009-11-02,39006.0,39874.0,35860.0
2009-11-09,36829.0,35658.0,34454.0
2009-11-16,38631.0,33510.0,34259.0
2009-11-23,40030.0,31188.0,34288.0
2009-11-30,29485.0,28025.0,34935.0
2009-12-07,27970.0,29757.0,34713.0
2009-12-14,27192.0,32572.0,34661.0
2009-12-21,27220.0,36071.0,35187.0
2009-12-28,39688.0,38558.0,34984.0
2010-01-04,38939.0,38896.0,34747.0
2010-01-11,37335.0,39458.0,34674.0
2010-01-19,36115.0,40723.0,35237.0
2010-01-25,44991.0,44343.0,36581.0
2010-02-01,44796.0,40895.0,36031.0
2010-02-08,44646.0,39402.0,38317.0
2010-02-16,42596.0,35956.0,37574.0
2010-02-22,35170.0,34556.0,36641.0
2010-03-01,30375.0,30212.0,32339.0
2010-03-08,30052.0,31101.0,31794.0
2010-03-15,27408.0,26193.0,28482.0
2010-03-22,26930.0,22796.0,24011.0
2010-03-29,28448.0,21016.0,26429.0
2010-04-05,18127.0,18620.0,25570.0
2010-04-12,17959.0,18897.0,28427.0
2010-04-19,18932.0,19656.0,29272.0
2010-04-26,18849.0,19757.0,28531.0
2010-05-03,19868.0,20254.0,28750.0
2010-05-10,21285.0,21086.0,30803.0
2010-05-17,21465.0,23002.0,30739.0
2010-05-24,22771.0,26242.0,33560.0
2010-06-01,22751.0,28371.0,34767.0
2010-06-07,29705.0,31006.0,37039.0
2010-06-14,30584.0,30694.0,33989.0
2010-06-21,29946.0,30654.0,33883.0
2010-06-28,31273.0,33581.0,34129.0
2010-07-06,32065.0,36894.0,37696.0
2010-07-12,38127.0,38576.0,35957.0
2010-07-19,37414.0,38281.0,36676.0
2010-07-26,38909.0,37249.0,35180.0
2010-08-02,39797.0,36933.0,35417.0
2010-08-09,39822.0,37107.0,36216.0
2010-08-16,35943.0,37073.0,38055.0
2010-08-23,38473.0,39026.0,38762.0
2010-08-30,39502.0,41282.0,40717.0
2010-09-07,41135.0,42771.0,38215.0
2010-09-13,37883.0,39410.0,36248.0
2010-09-20,36692.0,38436.0,35362.0
2010-09-27,38991.0,38210.0,35138.0
2010-10-04,39030.0,40389.0,35848.0
2010-10-11,40329.0,40065.0,36319.0
2010-10-18,40746.0,40282.0,35864.0
2010-10-25,38539.0,38524.0,35581.0
2010-11-01,36608.0,36007.0,33650.0
2010-11-08,36857.0,35632.0,34917.0
2010-11-15,37418.0,36356.0,36441.0
2010-11-22,33947.0,37416.0,36111.0
2010-11-29,37743.0,39360.0,37278.0
2010-12-06,39110.0,37050.0,36800.0
2010-12-13,40893.0,33991.0,35920.0
2010-12-20,39519.0,31361.0,36155.0
2010-12-27,27569.0,29414.0,35835.0
2011-01-03,28055.0,30329.0,35909.0
2011-01-10,32106.0,32166.0,36638.0
2011-01-18,31153.0,31718.0,35395.0
2011-01-24,34324.0,31516.0,36189.0
2011-01-31,30106.0,29566.0,35093.0
2011-02-07,30308.0,31169.0,35849.0
2011-02-14,30703.0,32803.0,35907.0
2011-02-22,33316.0,33771.0,35824.0
2011-02-28,33800.0,31742.0,34858.0
2011-03-07,30442.0,30124.0,35617.0
2011-03-14,31631.0,32721.0,36974.0
2011-03-21,29229.0,31457.0,36593.0
2011-03-28,30338.0,31024.0,36851.0
2011-04-04,31374.0,32542.0,36644.0
2011-04-11,32042.0,33995.0,37867.0
2011-04-18,36065.0,36770.0,38956.0
2011-04-25,34938.0,35278.0,38011.0
2011-05-02,36627.0,37398.0,37341.0
2011-05-09,37152.0,38085.0,38193.0
2011-05-16,37527.0,38590.0,38125.0
2011-05-23,38216.0,39461.0,38300.0
2011-05-31,38677.0,39880.0,37954.0
2011-06-06,46066.0,44725.0,39920.0
2011-06-13,43276.0,44566.0,40502.0
2011-06-20,41581.0,40319.0,39539.0
2011-06-27,45458.0,38880.0,40577.0
2011-07-05,43461.0,34813.0,39443.0
2011-07-11,30935.0,31652.0,40159.0
2011-07-18,30518.0,32386.0,40188.0
2011-07-25,31650.0,32863.0,40003.0
2011-08-01,33884.0,35382.0,41436.0
2011-08-08,40751.0,42105.0,47966.0
2011-08-15,41963.0,40853.0,44987.0
2011-08-22,38127.0,40497.0,47860.0
2011-08-29,40712.0,41439.0,45147.0
2011-09-06,41056.0,43410.0,47128.0
2011-09-12,44783.0,44584.0,46460.0
2011-09-19,44768.0,43520.0,44558.0
2011-09-26,45182.0,45478.0,46381.0
2011-10-03,42535.0,46570.0,47975.0
2011-10-10,43358.0,44341.0,44471.0
2011-10-17,43957.0,45311.0,45040.0
2011-10-24,44909.0,44598.0,43853.0
2011-10-31,46076.0,45456.0,44443.0
2011-11-07,47919.0,46159.0,45068.0
2011-11-14,47385.0,45417.0,45234.0
2011-11-21,47887.0,47511.0,47591.0
2011-11-28,47639.0,49066.0,46564.0
2011-12-05,45381.0,45358.0,43629.0
2011-12-12,44856.0,49292.0,46028.0
2011-12-19,44932.0,51785.0,46300.0
2011-12-27,46811.0,53375.0,45696.0
2012-01-03,57689.0,53979.0,45377.0
2012-01-09,52124.0,47952.0,44093.0
2012-01-17,56788.0,44020.0,43515.0
2012-01-23,40407.0,36993.0,40303.0
2012-01-30,34524.0,35149.0,40743.0
2012-02-06,36149.0,38937.0,40418.0
2012-02-13,36263.0,39616.0,39409.0
2012-02-21,37650.0,41089.0,38535.0
2012-02-27,42235.0,41560.0,38652.0
2012-03-05,43688.0,43992.0,38274.0
2012-03-12,45283.0,43455.0,36978.0
2012-03-19,43154.0,40715.0,38173.0
2012-03-26,38547.0,39213.0,38666.0
2012-04-02,40196.0,38121.0,38623.0
2012-04-09,39365.0,37795.0,39167.0
2012-04-16,41941.0,39437.0,38638.0
2012-04-23,38357.0,39001.0,37672.0
2012-04-30,38356.0,38414.0,35629.0
2012-05-07,39533.0,39037.0,36290.0
2012-05-14,39685.0,43285.0,36232.0
2012-05-21,40462.0,47581.0,35711.0
2012-05-29,40329.0,50658.0,37568.0
2012-06-04,56537.0,56469.0,38764.0
2012-06-11,54868.0,55175.0,35879.0
2012-06-18,51127.0,50449.0,32898.0
2012-06-25,55412.0,50370.0,35898.0
2012-07-02,54094.0,46105.0,33751.0
2012-07-09,44187.0,44041.0,34711.0
2012-07-16,44034.0,44129.0,34367.0
2012-07-23,44089.0,44679.0,35345.0
2012-07-30,43738.0,44167.0,35903.0
2012-08-06,44266.0,44157.0,35789.0
2012-08-13,43516.0,43213.0,36667.0
2012-08-20,42002.0,39693.0,35879.0
2012-08-27,43073.0,36764.0,34607.0
2012-09-04,42286.0,33443.0,33612.0
2012-09-10,30044.0,29989.0,34240.0
2012-09-17,29080.0,28612.0,31884.0
2012-09-24,28104.0,27923.0,30493.0
2012-10-01,29322.0,27722.0,29867.0
2012-10-08,27023.0,27059.0,30067.0
2012-10-15,27170.0,28920.0,29961.0
2012-10-22,26475.0,30185.0,31503.0
2012-10-31,28313.0,32656.0,32980.0
2012-11-05,34678.0,36948.0,32025.0
2012-11-12,33617.0,40603.0,34788.0
2012-11-19,35913.0,43774.0,34358.0
2012-11-26,46521.0,44849.0,34429.0
2012-12-03,47041.0,43797.0,34723.0
2012-12-10,44135.0,41616.0,33320.0
2012-12-17,42707.0,37322.0,32326.0
2012-12-24,42804.0,33446.0,32388.0
2012-12-31,36988.0,29263.0,32333.0
2013-01-07,25450.0,26686.0,32011.0
2013-01-14,26876.0,27512.0,32647.0
2013-01-22,25996.0,28186.0,31962.0
2013-01-28,28504.0,29084.0,32549.0
2013-02-04,28247.0,28972.0,33201.0
2013-02-11,30394.0,28512.0,32371.0
2013-02-19,30038.0,28846.0,31997.0
2013-02-25,26249.0,29473.0,32031.0
2013-03-04,26897.0,30461.0,31825.0
2013-03-11,31412.0,35221.0,29780.0
2013-03-18,30678.0,36556.0,30281.0
2013-03-25,29828.0,38600.0,30733.0
2013-04-01,40173.0,40021.0,31568.0
2013-04-08,46726.0,41390.0,31520.0
2013-04-15,41145.0,38401.0,31995.0
2013-04-22,37309.0,38529.0,31760.0
2013-04-29,38221.0,37883.0,31418.0
2013-05-06,34954.0,36146.0,30691.0
2013-05-13,36252.0,34915.0,30284.0
2013-05-20,35652.0,33527.0,30175.0
2013-05-28,34013.0,32065.0,30391.0
2013-06-03,32818.0,31775.0,31330.0
2013-06-10,33732.0,31315.0,31389.0
2013-06-17,31391.0,30013.0,32277.0
2013-06-24,32976.0,29411.0,33137.0
2013-07-01,31393.0,26486.0,33004.0
2013-07-08,25726.0,24514.0,32136.0
2013-07-15,24459.0,24282.0,32100.0
2013-07-22,24574.0,24181.0,32050.0
2013-07-29,24140.0,23787.0,32561.0
2013-08-05,23673.0,22886.0,31447.0
2013-08-12,23158.0,22688.0,31660.0
2013-08-19,22563.0,23378.0,31827.0
2013-08-26,21665.0,23902.0,31842.0
2013-09-03,23027.0,25729.0,32974.0
2013-09-09,26459.0,26353.0,31930.0
2013-09-16,25709.0,26092.0,31386.0
2013-09-23,24404.0,25162.0,30390.0
2013-09-30,24689.0,24706.0,30527.0
2013-10-07,26672.0,24886.0,30780.0
2013-10-14,25510.0,24442.0,30286.0
2013-10-21,23040.0,23484.0,28976.0
2013-10-28,23157.0,23135.0,27959.0
2013-11-04,22370.0,23994.0,29494.0
2013-11-11,25662.0,24118.0,29813.0
2013-11-18,24649.0,24158.0,30144.0
2013-11-25,24313.0,23921.0,30242.0
2013-12-02,22796.0,23600.0,30511.0
2013-12-09,23525.0,25577.0,30438.0
2013-12-16,25031.0,27969.0,31547.0
2013-12-23,23265.0,28801.0,31091.0
2013-12-30,34504.0,29606.0,30981.0
2014-01-06,28426.0,26434.0,30743.0
2014-01-13,29481.0,25391.0,31434.0
2014-01-21,27960.0,23554.0,31384.0
2014-01-27,24184.0,23522.0,32807.0
2014-02-03,24234.0,25292.0,34007.0
2014-02-10,24805.0,26686.0,33360.0
2014-02-18,23719.0,27377.0,32484.0
2014-02-24,28499.0,27780.0,32907.0
2014-03-03,29633.0,29494.0,33218.0
2014-03-10,31247.0,30292.0,32585.0
2014-03-17,29663.0,29544.0,32885.0
2014-03-24,30274.0,29969.0,33634.0
2014-03-31,30964.0,29603.0,33469.0
2014-04-07,29563.0,29692.0,33652.0
2014-04-14,30431.0,30236.0,33414.0
2014-04-21,28054.0,28637.0,31678.0
2014-04-28,27548.0,28741.0,32544.0
2014-05-05,28482.0,28797.0,32470.0
2014-05-12,30282.0,33049.0,32838.0
2014-05-19,32903.0,36735.0,33566.0
2014-05-27,31832.0,38692.0,33079.0
2014-06-02,43002.0,41393.0,32714.0
2014-06-09,40784.0,41135.0,32672.0
2014-06-16,41329.0,40793.0,33429.0
2014-06-23,42950.0,41342.0,33211.0
2014-06-30,43876.0,38677.0,33221.0
2014-07-07,37288.0,37253.0,33550.0
2014-07-14,38301.0,38292.0,33858.0
2014-07-21,34798.0,35774.0,33237.0
2014-07-28,32970.0,33691.0,32884.0
2014-08-04,35059.0,34864.0,32837.0
2014-08-11,34369.0,34465.0,32857.0
2014-08-18,37019.0,34642.0,33555.0
2014-08-25,36882.0,32128.0,33546.0
2014-09-02,36348.0,29252.0,33570.0
2014-09-08,25346.0,25355.0,32184.0
2014-09-15,26655.0,27068.0,33744.0
2014-09-22,28012.0,28212.0,34035.0
2014-09-29,30710.0,30668.0,34507.0
2014-10-06,31757.0,32095.0,34819.0
2014-10-13,33933.0,34166.0,36889.0
2014-10-20,32965.0,34328.0,36642.0
2014-10-27,32992.0,33602.0,35210.0
2014-11-03,32454.0,32560.0,33758.0
2014-11-10,33145.0,35643.0,34980.0
2014-11-17,31534.0,36496.0,34187.0
2014-11-24,34887.0,38378.0,34272.0
2014-12-01,42221.0,39400.0,34930.0
2014-12-08,40945.0,39580.0,35090.0
2014-12-15,41933.0,40341.0,36124.0
2014-12-22,36804.0,39025.0,33914.0
2014-12-29,38014.0,41369.0,33931.0
2015-01-05,43706.0,42069.0,34928.0
2015-01-12,43270.0,41966.0,34095.0
2015-01-20,46626.0,42985.0,35201.0
2015-01-26,42355.0,42906.0,35222.0
2015-02-02,42738.0,39659.0,35475.0
2015-02-09,43472.0,39082.0,34945.0
2015-02-17,42632.0,36440.0,34539.0
2015-02-23,32523.0,31871.0,33809.0
2015-03-02,29341.0,29270.0,33361.0
2015-03-09,26501.0,27067.0,32899.0
2015-03-16,27760.0,29548.0,32117.0
2015-03-23,27755.0,31885.0,31919.0
2015-03-30,28608.0,34776.0,31713.0
2015-04-06,35773.0,38300.0,28896.0
2015-04-13,36683.0,38012.0,30351.0
2015-04-20,39039.0,38401.0,29814.0
2015-04-27,39157.0,37625.0,31051.0
2015-05-04,37258.0,36856.0,31876.0
2015-05-11,37640.0,36112.0,31847.0
2015-05-18,35638.0,34565.0,33141.0
2015-05-26,35497.0,34194.0,32667.0
2015-06-01,34415.0,34099.0,33110.0
2015-06-08,34767.0,35056.0,34157.0
2015-06-15,35037.0,36392.0,33932.0
2015-06-22,34498.0,37279.0,33271.0
2015-06-29,36498.0,41069.0,35510.0
2015-07-06,42351.0,42308.0,35886.0
2015-07-13,42212.0,41944.0,35267.0
2015-07-20,41855.0,41851.0,35020.0
2015-07-27,43418.0,43351.0,36548.0
2015-08-03,42804.0,43385.0,35156.0
2015-08-10,44440.0,43480.0,35896.0
2015-08-17,43402.0,43396.0,36246.0
2015-08-24,46314.0,45746.0,40397.0
2015-08-31,44057.0,42564.0,38711.0
2015-09-08,44060.0,42224.0,38986.0
2015-09-14,42385.0,42122.0,39787.0
2015-09-21,44700.0,44359.0,39979.0
2015-09-28,45756.0,47995.0,41658.0
2015-10-05,44863.0,45805.0,39903.0
2015-10-12,45008.0,46020.0,38348.0
2015-10-19,44645.0,45367.0,38661.0
2015-10-26,44423.0,44175.0,38718.0
2015-11-02,45385.0,43656.0,38365.0
2015-11-09,44864.0,41284.0,38160.0
2015-11-16,44796.0,38044.0,38672.0
2015-11-23,40791.0,32143.0,37304.0
2015-11-30,29430.0,29018.0,38753.0
2015-12-07,31559.0,33061.0,38947.0
2015-12-14,33440.0,38734.0,39764.0
2015-12-21,33112.0,42963.0,39818.0
2015-12-28,42113.0,47614.0,39690.0
2016-01-04,47604.0,50486.0,40099.0
2016-01-11,55640.0,54881.0,42628.0
2016-01-19,57670.0,57377.0,43395.0
2016-01-25,57437.0,57395.0,43339.0
2016-02-01,58175.0,56877.0,42161.0
2016-02-08,60424.0,62205.0,43946.0
2016-02-16,62067.0,63243.0,42385.0
2016-02-22,61420.0,62626.0,41762.0
2016-02-29,61433.0,64184.0,41816.0
2016-03-07,61668.0,57110.0,39550.0
2016-03-14,59068.0,52782.0,38589.0
2016-03-21,60469.0,50240.0,37299.0
2016-03-28,41203.0,45633.0,36723.0
2016-04-04,47554.0,46030.0,37427.0
2016-04-11,45788.0,45201.0,39200.0
2016-04-18,46611.0,42903.0,39948.0
2016-04-25,44922.0,41334.0,40283.0
2016-05-02,43811.0,42777.0,40786.0
2016-05-09,44298.0,44112.0,42169.0
2016-05-16,52811.0,55221.0,42075.0
2016-05-23,46805.0,56441.0,42768.0
2016-05-31,50288.0,61425.0,42433.0
2016-06-06,68068.0,67402.0,41075.0
2016-06-13,69012.0,66956.0,41884.0
2016-06-20,77090.0,76006.0,42177.0
2016-06-27,75606.0,85832.0,42876.0
2016-07-05,82644.0,85875.0,41953.0
2016-07-11,72685.0,71174.0,41532.0
2016-07-18,73390.0,71417.0,40321.0
2016-07-25,67611.0,69368.0,40041.0
2016-08-01,58771.0,61789.0,40425.0
2016-08-08,67013.0,72497.0,41632.0
2016-08-15,67741.0,70306.0,41599.0
2016-08-22,76509.0,73691.0,41135.0
2016-08-29,83598.0,74642.0,41362.0
2016-09-06,75325.0,70240.0,41281.0
2016-09-12,72862.0,72191.0,41474.0
2016-09-19,68251.0,66355.0,41793.0
